source,title,authors,year,doi,url
IEEE Xplore,Preserving the Veracity of Digital Media using Neural Network Based Detection of Deepfake Videos,P. Bire; O. Ambalkar; R. Bagade; P. Mehta; A. Yenkikar,2024,10.1109/ICBDS61829.2024.10837046,https://ieeexplore.ieee.org/stamp/stamp.jsp?arnumber=10837046
IEEE Xplore,DDEM: Deepfake Detection Enhanced Model for Image Forgery Detection Combat Academic Misconduct,J. Ding; J. Liu; J. Shi; X. Hu; X. Qiao; H. E,2024,10.1109/BESC64747.2024.10780724,https://ieeexplore.ieee.org/stamp/stamp.jsp?arnumber=10780724
IEEE Xplore,Implementation of Robust Deepfake Detection via 3D Residual Attention Densenet with Pyramid Dilation Network,T. Rajesh; S. Maruthuperumal,2025,10.1109/ICSCSA66339.2025.11171276,https://ieeexplore.ieee.org/stamp/stamp.jsp?arnumber=11171276
IEEE Xplore,Deepfake Detection using Multi-Stream Convolutional Neural Networks with Attention-based Fusion,M. Sankaran; M. Alwbaidy; L. K. R; S. D. Govardhan; P. P. Selvam,2025,10.1109/ICICNCT66124.2025.11232837,https://ieeexplore.ieee.org/stamp/stamp.jsp?arnumber=11232837
IEEE Xplore,Voices of Deception - Detecting AI-Synthesized Speech Using Spectrotemporal Features and Hybrid Learning Models,K. Vaghchhipawala; P. Nadkarni; A. Pai; A. Trivedi; S. Bollavarapu,2025,10.1109/INDISCON66021.2025.11252158,https://ieeexplore.ieee.org/stamp/stamp.jsp?arnumber=11252158
IEEE Xplore,Identifying Machine Generated Tweets: Deepfake Detection on Social Media,N. F. Shrene Shifna; K. Baalaji; P. Niharika; P. Swathi; P. R. Krishna; R. Leena,2024,10.1109/DELCON64804.2024.10866921,https://ieeexplore.ieee.org/stamp/stamp.jsp?arnumber=10866921
IEEE Xplore,AI-Manipulated Reality: Generation and Detection of Deepfake Content,B. A. Csanky; S. A. Laczi; V. Póser,2025,10.1109/SACI66288.2025.11030130,https://ieeexplore.ieee.org/stamp/stamp.jsp?arnumber=11030130
IEEE Xplore,Hybrid Federated Deepfake Detection via Residual-Aware Temporal Modeling and Privacy-Preserving Learning,A. Bhatnagar; R. C. Pandey; V. Vishal; A. Singh,2025,10.1109/ACROSET66531.2025.11280626,https://ieeexplore.ieee.org/stamp/stamp.jsp?arnumber=11280626
IEEE Xplore,Improving DeepFake Video Detection Performance with a Noval Deep Learning Approach,M. A. Fouda; W. El-Shafai; E. -S. M. El-Rabaie,2023,10.1109/ICEEM58740.2023.10319524,https://ieeexplore.ieee.org/stamp/stamp.jsp?arnumber=10319524
IEEE Xplore,AI/ML-Based Solution for Detecting Face-Swap Deepfakes,S. S. Patil; A. M; P. M; P. P. C,2025,10.1109/ICETI4T63625.2025.11132146,https://ieeexplore.ieee.org/stamp/stamp.jsp?arnumber=11132146
IEEE Xplore,Emerging Innovations in Deep Learning for Video DeepFake Detection: A Comprehensive Review,M. K. Makwana; D. K. Singh; S. Shukla,2025,10.1109/ICSADL65848.2025.10933018,https://ieeexplore.ieee.org/stamp/stamp.jsp?arnumber=10933018
IEEE Xplore,DeepShield: AI-Powered Deepfake Detection,S. Sharma; K. Gupta,2025,10.1109/CONIT65521.2025.11167853,https://ieeexplore.ieee.org/stamp/stamp.jsp?arnumber=11167853
IEEE Xplore,Deepfake Detection Using Advanced Learning Frameworks and Benchmark Evaluation,M. B; J. N; N. P; T. J; T. Mohapatra,2025,10.1109/ICCCNP63914.2025.11233705,https://ieeexplore.ieee.org/stamp/stamp.jsp?arnumber=11233705
IEEE Xplore,Deepfake Detection Using EfficientNet and XceptionNet,B. Yasser; J. Hani; S. El-Gayar; O. Amgad; N. Ahmed; H. M. Ebied; H. Amr; M. Salah,2023,10.1109/ICICIS58388.2023.10391114,https://ieeexplore.ieee.org/stamp/stamp.jsp?arnumber=10391114
IEEE Xplore,Deepfake Detection for Enhanced Security in Workplace Environments Using Deep Learning Techniques,M. Asaduzzaman; M. M. Hassan; T. Bhuiyan,2025,10.1109/ICICT64582.2025.00033,https://ieeexplore.ieee.org/stamp/stamp.jsp?arnumber=11058521
IEEE Xplore,A Comprehensive Review of Deepfake Detection In Advanced Neural Network Architectures and Deep Learning Strategies,D. Singh; P. Singh; R. Bhandari,2024,10.1109/GlobalAISummit62156.2024.10947978,https://ieeexplore.ieee.org/stamp/stamp.jsp?arnumber=10947978
IEEE Xplore,Scene and Texture Based Feature Set for DeepFake Video Detection,A. N. Ramkissoon; V. Rajamanickam; W. Goodridge,2022,10.1109/ICDMW58026.2022.00021,https://ieeexplore.ieee.org/stamp/stamp.jsp?arnumber=10029383
IEEE Xplore,Comparative Analyais of CNN Architectures for Deep Fake Detection,P. Wani; S. Chavan; S. Paithankar; D. Ghusse; S. Barve,2025,10.1109/ISACC65211.2025.10969171,https://ieeexplore.ieee.org/stamp/stamp.jsp?arnumber=10969171
IEEE Xplore,Decoding Voice Authenticity: An Exploration of Deep Learning and Audio Feature Techniques,S. T. Yalla; M. G. P. Raju; D. Nagaraju; M. F. Ali,2025,10.1109/IDCIOT64235.2025.10914906,https://ieeexplore.ieee.org/stamp/stamp.jsp?arnumber=10914906
IEEE Xplore,Deepfake Content Detection using Deep Learning Techniques,H. Devarajan; I. S. V. Palli; A. Ahammed; H. R. Kolagatla,2025,10.1109/ICSSAS66150.2025.11081378,https://ieeexplore.ieee.org/stamp/stamp.jsp?arnumber=11081378
IEEE Xplore,A Computer Vision Model to Identify Deepfakes to Combat Misinformation During Political Events,A. Narayan; S. Fox,2024,10.1109/UPCON62832.2024.10983603,https://ieeexplore.ieee.org/stamp/stamp.jsp?arnumber=10983603
IEEE Xplore,Preventing DeepFake Attacks on Speaker Authentication by Dynamic Lip Movement Analysis,C. -Z. Yang; J. Ma; S. Wang; A. W. -C. Liew,2021,10.1109/TIFS.2020.3045937,https://ieeexplore.ieee.org/stamp/stamp.jsp?arnumber=9298826
IEEE Xplore,Interactive Two-Stream Network Across Modalities for Deepfake Detection,J. Wu; B. Zhang; Z. Li; G. Pang; Z. Teng; J. Fan,2023,10.1109/TCSVT.2023.3269841,https://ieeexplore.ieee.org/stamp/stamp.jsp?arnumber=10107603
IEEE Xplore,Deepfake Video Detection Methods using Deep Neural Networks,M. Kshirsagar; S. Suratkar; F. Kazi,2022,10.1109/ICICICT54557.2022.9917701,https://ieeexplore.ieee.org/stamp/stamp.jsp?arnumber=9917701
IEEE Xplore,Temporal surface frame anomalies for deepfake video detection,A. Ciamarra; R. Caldelli; A. D. Bimbo,2024,10.1109/CVPRW63382.2024.00388,https://ieeexplore.ieee.org/stamp/stamp.jsp?arnumber=10678101
IEEE Xplore,Deepfake Detection on Videos Based on Ratio Images,R. L. Testa; A. Machado-Lima; F. L. S. Nunes,2022,10.1109/IIAIAAI55812.2022.00086,https://ieeexplore.ieee.org/stamp/stamp.jsp?arnumber=9894567
IEEE Xplore,Deepfake Video Detection Using Spatiotemporal Convolutional Network and Photo Response Non Uniformity,S. J. Pipin; R. Purba; M. F. Pasha,2022,10.1109/ICOSNIKOM56551.2022.10034890,https://ieeexplore.ieee.org/stamp/stamp.jsp?arnumber=10034890
IEEE Xplore,Deepfake Detection using GAN Discriminators,S. A. Aduwala; M. Arigala; S. Desai; H. J. Quan; M. Eirinaki,2021,10.1109/BigDataService52369.2021.00014,https://ieeexplore.ieee.org/stamp/stamp.jsp?arnumber=9564096
IEEE Xplore,Leveraging Acoustic Features and Deep Neural Architectures for Audio Deepfake Detection,V. Sundaram; B. S; S. Vekkot,2024,10.1109/ICACC63692.2024.10845392,https://ieeexplore.ieee.org/stamp/stamp.jsp?arnumber=10845392
IEEE Xplore,Improving Generalization of Deepfake Detection With Data Farming and Few-Shot Learning,P. Korshunov; S. Marcel,2022,10.1109/TBIOM.2022.3143404,https://ieeexplore.ieee.org/stamp/stamp.jsp?arnumber=9684526
IEEE Xplore,DeepFake Image Detection Using Adaptive Discriminator Augmentation (ADA),D. A. Talib; A. A. Abed,2023,10.1109/ICONNIC59854.2023.10467610,https://ieeexplore.ieee.org/stamp/stamp.jsp?arnumber=10467610
IEEE Xplore,CNN based Deep Learning model for Deepfake Detection,V. Jolly; M. Telrandhe; A. Kasat; A. Shitole; K. Gawande,2022,10.1109/ASIANCON55314.2022.9908862,https://ieeexplore.ieee.org/stamp/stamp.jsp?arnumber=9908862
IEEE Xplore,Comparative Analysis and Evaluation of CNN Models for Deepfake Detection,P. Ritter; D. Lucian; Anderies; A. Chowanda,2023,10.1109/AiDAS60501.2023.10284611,https://ieeexplore.ieee.org/stamp/stamp.jsp?arnumber=10284611
IEEE Xplore,A Robust Deepfake Video Detection Method based on Continuous Frame Face-swapping,D. Liu; Z. Yang; R. Zhang; J. Liu,2022,10.1109/AIIPCC57291.2022.00048,https://ieeexplore.ieee.org/stamp/stamp.jsp?arnumber=10070215
IEEE Xplore,"Visual Deepfake Detection: Review of Techniques, Tools, Limitations, and Future Prospects",N. Ur Rehman Ahmed; A. Badshah; H. Adeel; A. Tajammul; A. Daud; T. Alsahfi,2025,10.1109/ACCESS.2024.3523288,https://ieeexplore.ieee.org/stamp/stamp.jsp?arnumber=10816641
IEEE Xplore,FakeFormer: Transformer-Based Lightweight Deepfake Video Detection Model,X. Wang; G. Zhong; Q. Song,2025,10.1109/ISEAE64934.2025.11042069,https://ieeexplore.ieee.org/stamp/stamp.jsp?arnumber=11042069
IEEE Xplore,Swin-BiLSTM with Attention for Face Swap Detection in Deepfake Videos,N. F. Lukitania; V. Suryani,2025,10.1109/ICoICT66265.2025.11192953,https://ieeexplore.ieee.org/stamp/stamp.jsp?arnumber=11192953
IEEE Xplore,Guardian AI: Synthetic Media Forensics through Multimodal Fusion and Advanced Machine Learning,K. K; S. R; D. S; D. S,2024,10.1109/ICC-ROBINS60238.2024.10533980,https://ieeexplore.ieee.org/stamp/stamp.jsp?arnumber=10533980
IEEE Xplore,Neuro-Behavioral Deepfake Detection: Leveraging Human Micro-Expression Analysis for High-Precision Forgery Identification,T. N. Kumar; A. GV; A. D; G. P; J. S,2025,10.1109/ICIMIA67127.2025.11200578,https://ieeexplore.ieee.org/stamp/stamp.jsp?arnumber=11200578
IEEE Xplore,Deepfake Facial Recognition for Video Clips,Adarsh; N. Bhaal; G. Padmapriya,2024,10.1109/PICET60765.2024.10716129,https://ieeexplore.ieee.org/stamp/stamp.jsp?arnumber=10716129
IEEE Xplore,MRE-Net: Multi-Rate Excitation Network for Deepfake Video Detection,G. Pang; B. Zhang; Z. Teng; Z. Qi; J. Fan,2023,10.1109/TCSVT.2023.3239607,https://ieeexplore.ieee.org/stamp/stamp.jsp?arnumber=10025759
IEEE Xplore,DefakeHop: A Light-Weight High-Performance Deepfake Detector,H. -S. Chen; M. Rouhsedaghat; H. Ghani; S. Hu; S. You; C. . -C. Jay Kuo,2021,10.1109/ICME51207.2021.9428361,https://ieeexplore.ieee.org/stamp/stamp.jsp?arnumber=9428361
IEEE Xplore,Forensics and Analysis of Deepfake Videos,M. T. Jafar; M. Ababneh; M. Al-Zoube; A. Elhassan,2020,10.1109/ICICS49469.2020.239493,https://ieeexplore.ieee.org/stamp/stamp.jsp?arnumber=9078989
IEEE Xplore,Using Deep Learning to Detecting Deepfakes,J. Mallet; R. Dave; N. Seliya; M. Vanamala,2022,10.1109/ISCMI56532.2022.10068449,https://ieeexplore.ieee.org/stamp/stamp.jsp?arnumber=10068449
IEEE Xplore,A Spatio- Temporl Deepfake Video Detection Method Based on TimeSformer-CNN,Z. Chen; S. Wang; D. Yan; Y. Li,2024,10.1109/ICDCECE60827.2024.10549278,https://ieeexplore.ieee.org/stamp/stamp.jsp?arnumber=10549278
IEEE Xplore,Implementation of Deep Learning Method for Forgery Detection on Social Media,A. Kohapare; K. Dhongade; R. Sukare; P. Maidamwar,2024,10.1109/IDCIoT59759.2024.10467237,https://ieeexplore.ieee.org/stamp/stamp.jsp?arnumber=10467237
IEEE Xplore,Preserving Integrity: A Binary Classification Approach to Unmasking Artificially Generated Voices in the Age of Deepkakes,V. Kumar; A. Kapoor; R. R. Chaudhary; L. Gupta; D. Khokhar,2024,10.23919/INDIACom61295.2024.10499177,https://ieeexplore.ieee.org/stamp/stamp.jsp?arnumber=10499177
IEEE Xplore,Fooling the Forgers: A Multi-Stage Framework for Audio Deepfake Detection,G. S. Kashyap; Z. H. Siddiqui; M. A. Azeez; R. Ali; S. Kumar; N. Kamuni; J. Gao,2025,10.1109/ICASSP49660.2025.10888175,https://ieeexplore.ieee.org/stamp/stamp.jsp?arnumber=10888175
IEEE Xplore,Comprehensive Analysis of Deepfake Detection Models,M. Khatoon; C. Jaiswal; S. Sokhi; T. Tripathi; U. A. Jogalekar; R. Agrawal,2025,10.1109/ICETI4T63625.2025.11132138,https://ieeexplore.ieee.org/stamp/stamp.jsp?arnumber=11132138
IEEE Xplore,Improving Fairness in Synthetic Speech Detectors,A. K. Singh Yadav; K. Bhagtani; P. Bestagini; E. J. Delp,2024,10.1109/IEEECONF60004.2024.10942853,https://ieeexplore.ieee.org/stamp/stamp.jsp?arnumber=10942853
IEEE Xplore,Deepfaceguard: A Lightweight CNN Framework for Robust Face Manipulation Detection,M. Tauseef; L. S. Viji; J. Fenwick,2025,10.1109/NMITCON65824.2025.11188219,https://ieeexplore.ieee.org/stamp/stamp.jsp?arnumber=11188219
IEEE Xplore,Deepfake Circumvention Using Machine Learning,M. S; R. D; S. J. A; S. G; A. M,2024,10.1109/ICPECTS62210.2024.10780152,https://ieeexplore.ieee.org/stamp/stamp.jsp?arnumber=10780152
IEEE Xplore,Real-Time Deepfake Video Detection using Machine Learning: A CNN-based Authentication Framework,S. Babitha; Y. K; D. H. J. V; H. J,2025,10.1109/ICAISS61471.2025.11041947,https://ieeexplore.ieee.org/stamp/stamp.jsp?arnumber=11041947
IEEE Xplore,Deepfake Voice Detection: Countering Deepfake Audio with Deep Learning Architectures,K. K. Ko; S. Wai Wai Tun; M. T. Kyaw; T. Thet Zin,2025,10.1109/ICAIT68809.2025.11236771,https://ieeexplore.ieee.org/stamp/stamp.jsp?arnumber=11236771
IEEE Xplore,Detection of Real and Manipulated Videos using the Transfer Learning Approach of Deep-Learning Models,B. R. Reddy; D. C. Rup; M. Rohith; M. Belwal,2024,10.1109/GCAT62922.2024.10924003,https://ieeexplore.ieee.org/stamp/stamp.jsp?arnumber=10924003
IEEE Xplore,Blockchain Based Deepfake Video Detection Using Deep Learning,B. Colaco; B. Patil; S. Gharat; S. Gawande,2025,10.1109/ICETI4T63625.2025.11132246,https://ieeexplore.ieee.org/stamp/stamp.jsp?arnumber=11132246
IEEE Xplore,Deepfake Generation and Detection: Case Study and Challenges,Y. Patel; S. Tanwar; R. Gupta; P. Bhattacharya; I. E. Davidson; R. Nyameko; S. Aluvala; V. Vimal,2023,10.1109/ACCESS.2023.3342107,https://ieeexplore.ieee.org/stamp/stamp.jsp?arnumber=10354308
IEEE Xplore,FSSPOTTER: Spotting Face-Swapped Video by Spatial and Temporal Clues,P. Chen; J. Liu; T. Liang; G. Zhou; H. Gao; J. Dai; J. Han,2020,10.1109/ICME46284.2020.9102914,https://ieeexplore.ieee.org/stamp/stamp.jsp?arnumber=9102914
IEEE Xplore,Dynamic Lip Motion Analysis for Deepfake Detection,A. Castiglione; L. Cimmino; V. Loia; M. Nappi; C. Sorrentino,2025,10.1109/CSCS66924.2025.00073,https://ieeexplore.ieee.org/stamp/stamp.jsp?arnumber=11181647
IEEE Xplore,CIPHER: Counterfeit Image Pattern High-level Examination via Representation for GAN and Diffusion Discriminator Learning,K. Kim; Y. Han; S. Ju; Y. Jean; Y. Kim; M. Choi; S. Lim; K. Park; S. Baek; S. Hyeon; N. -J. Kim; H. -J. Lee,2025,10.1109/ICCE-Asia67487.2025.11263770,https://ieeexplore.ieee.org/stamp/stamp.jsp?arnumber=11263770
IEEE Xplore,Spatiotemporal Deepfake Video Detection: A Hybrid CNN-Transformer Approach with Frequency Analysis,N. Celebi; Q. Liu,2025,10.1109/IRI66576.2025.00048,https://ieeexplore.ieee.org/stamp/stamp.jsp?arnumber=11153098
IEEE Xplore,Navigating Deepfakes with Data Science: A Multi-Modal Analysis and Blockchain-Based Detection Framework,S. Patil; A. Bhat; N. Jain; V. Javalkar,2025,10.1109/ICPCT64145.2025.10940229,https://ieeexplore.ieee.org/stamp/stamp.jsp?arnumber=10940229
IEEE Xplore,Hybrid Deepfake Detection Using ResNet50 and Vision Transformer for Enhanced Feature Extraction,A. Naitali; M. Ridouani; F. Salahdine; N. Kaabouch,2025,10.1109/ICOA66896.2025.11236531,https://ieeexplore.ieee.org/stamp/stamp.jsp?arnumber=11236531
IEEE Xplore,The Growing Need for Deepfakes Detection in the Age of AI-Generated Media,P. Badoni; M. S. Dildar; M. N. Ahmed; A. S. Zamani; M. R. Hussain; M. Wadhwa,2025,10.1109/ICETETSIP64213.2025.11156944,https://ieeexplore.ieee.org/stamp/stamp.jsp?arnumber=11156944
IEEE Xplore,"A Review on Deepfake Image Detection Approaches, Techniques and Methods",J. C. Ng; M. B. Jasser; B. Issa; S. -S. M. Ajibade; H. N. Chua,2025,10.1109/I2CACIS65476.2025.11100461,https://ieeexplore.ieee.org/stamp/stamp.jsp?arnumber=11100461
IEEE Xplore,Dual Acoustic Feature Fusion for Enhanced Audio Deepfake Detection Using VGG-16 Architecture: Mitigating Speech Tampering with MFCC and ELTP,C. Ahmadi; S. -H. Wang; S. -P. Chiu; J. -L. Chen,2024,10.1109/RIVF64335.2024.11009070,https://ieeexplore.ieee.org/stamp/stamp.jsp?arnumber=11009070
IEEE Xplore,Deep Fake Detection with Hybrid Activation Function Enabled Adaptive Milvus Optimization-Based Deep Convolutional Neural Network,H. Mashetty; N. Erukulla; S. Belidhe; N. Jella; V. r. Pishati; B. K. Enesheti,2025,10.1109/ICMCSI64620.2025.10883193,https://ieeexplore.ieee.org/stamp/stamp.jsp?arnumber=10883193
IEEE Xplore,Deepfake Image Detection using Deep Learning,A. K. S; A. K. M; R. R. Vincent; U. U. Hegde; A. M. S; N. N. Pasha,2025,10.1109/AIDE64228.2025.10987437,https://ieeexplore.ieee.org/stamp/stamp.jsp?arnumber=10987437
IEEE Xplore,Deepfake Video Detection: A Comprehensive Survey of Advanced Machine Learning and Deep Learning Techniques to Combat Synthetic Video Manipulation,T. Anusha; A. Srinagesh,2025,10.1109/ICMSCI62561.2025.10894187,https://ieeexplore.ieee.org/stamp/stamp.jsp?arnumber=10894187
IEEE Xplore,CombinedNet: A Hybrid Model for Deepfake Audio Detection Using Deep Learning Techniques,V. Gattulli; D. Impedovo,2025,10.1109/IJCNN64981.2025.11229182,https://ieeexplore.ieee.org/stamp/stamp.jsp?arnumber=11229182
IEEE Xplore,Near Real-Time Deepfake Audio Detection based on Speaker Diarization Techniques,M. K. Zahur Bajwa; C. Negru; B. -C. Mocanu; A. Castiglione; C. Pero,2025,10.1109/CSCS66924.2025.00067,https://ieeexplore.ieee.org/stamp/stamp.jsp?arnumber=11181580
IEEE Xplore,DeepViT-Detect: A Deep Vision Transformer-Based Approach for Robust Deepfake Video Detection,V. K. R. Mannepalli; V. K. Kondra; J. P. Gourabathuni,2025,10.1109/ICIMIA67127.2025.11200731,https://ieeexplore.ieee.org/stamp/stamp.jsp?arnumber=11200731
IEEE Xplore,Detecting Cross-domain Deepfake Videos with Contrastive Prototype Learning,Y. Li; P. Angelov,2025,10.1109/IJCNN64981.2025.11227763,https://ieeexplore.ieee.org/stamp/stamp.jsp?arnumber=11227763
IEEE Xplore,Benchmarking Audio Deepfake Detection Robustness in Real-World Communication Scenarios,H. Shi; X. Shi; S. Dogan; S. Alzubi; T. Huang; Y. Zhang,2025,10.23919/EUSIPCO63237.2025.11226601,https://ieeexplore.ieee.org/stamp/stamp.jsp?arnumber=11226601
IEEE Xplore,A CNN Algorithm Based DeepFake Detection System,S. M. Mangalampalli; M. J. Mistry; A. M. Pal; J. Pereira,2025,10.23919/INDIACom66777.2025.11115232,https://ieeexplore.ieee.org/stamp/stamp.jsp?arnumber=11115232
IEEE Xplore,A Deep Learning Framework for the Detection of Deepfake Audio,Z. Rasheed; H. Albarakaty; H. Almutairi; J. Alhuzali; H. Al-Mabadi; H. Himdi; F. Alhayan; K. Shaalan,2025,10.1109/ICBATS66542.2025.11258404,https://ieeexplore.ieee.org/stamp/stamp.jsp?arnumber=11258404
IEEE Xplore,DeepFake Creation and Detection:A Survey,S. P; S. Sk,2021,10.1109/ICIRCA51532.2021.9544522,https://ieeexplore.ieee.org/stamp/stamp.jsp?arnumber=9544522
IEEE Xplore,Advancing Deepfake Detection: An Optimized Neural Network Model with Keyframe Analysis,F. T. Tarannom Esty,2025,10.1109/NCIM65934.2025.11160287,https://ieeexplore.ieee.org/stamp/stamp.jsp?arnumber=11160287
IEEE Xplore,UniForensics: Face Forgery Detection via General Facial Representation,Z. Fang; H. Zhao; T. Wei; W. Zhou; M. Wan; Z. Wang; W. Zhang; N. Yu,2025,10.1109/TDSC.2025.3627420,https://ieeexplore.ieee.org/stamp/stamp.jsp?arnumber=11250851
IEEE Xplore,MINTIME: Multi-Identity Size-Invariant Video Deepfake Detection,D. A. Coccomini; G. K. Zilos; G. Amato; R. Caldelli; F. Falchi; S. Papadopoulos; C. Gennaro,2024,10.1109/TIFS.2024.3409054,https://ieeexplore.ieee.org/stamp/stamp.jsp?arnumber=10547206
IEEE Xplore,Deepfake Image Detection Using Yolov8,P. Sathe; V. Sabane; C. Undale; A. Uttarkar; V. Chavhan; N. P. Sable; A. Yenkikar,2024,10.1109/PuneCon63413.2024.10895706,https://ieeexplore.ieee.org/stamp/stamp.jsp?arnumber=10895706
IEEE Xplore,Exploiting spatiotemporal inconsistencies to detect deepfake videos in the wild,A. Khedkar; A. Peshkar; A. Nagdive; M. Gaikwad; S. Baudha,2022,10.1109/ICETET-SIP-2254415.2022.9791719,https://ieeexplore.ieee.org/stamp/stamp.jsp?arnumber=9791719
IEEE Xplore,Benchmarking Joint Face Spoofing and Forgery Detection With Visual and Physiological Cues,Z. Yu; R. Cai; Z. Li; W. Yang; J. Shi; A. C. Kot,2024,10.1109/TDSC.2024.3352049,https://ieeexplore.ieee.org/stamp/stamp.jsp?arnumber=10387780
IEEE Xplore,WaveDIF: Wavelet Sub-Band based Deepfake Identification in Frequency Domain,A. Dutta; A. K. Das; R. Naskar; R. S. Chakraborty,2025,10.1109/CVPRW67362.2025.00627,https://ieeexplore.ieee.org/stamp/stamp.jsp?arnumber=11148061
IEEE Xplore,Within 3DMM Space: Exploring Inherent 3D Artifact for Video Forgery Detection,C. Peng; T. Xu; D. Liu; N. Wang; X. Gao,2025,10.1109/TIFS.2025.3592557,https://ieeexplore.ieee.org/stamp/stamp.jsp?arnumber=11095790
IEEE Xplore,Leveraging Spatial-Temporal Illumination Features and Convolution-Transformer Hybrid Networks for Deepfake Video Detection,G. Zhang; Y. Liang; K. Tian; J. Yi; H. Alsolai; M. Liu; X. Hu,2025,10.1109/TCE.2025.3624764,https://ieeexplore.ieee.org/stamp/stamp.jsp?arnumber=11215793
IEEE Xplore,DF-VLAD: Deepfake Video Detection based on Feature Aggregation,Y. Huang; Z. Luo; M. Zhang; W. Liu; S. Li,2021,10.1109/ITME53901.2021.00029,https://ieeexplore.ieee.org/stamp/stamp.jsp?arnumber=9750563
IEEE Xplore,A Comparative Analysis of Machine Learning and Deep Learning Approaches in Deepfake Detection,M. Vashistha; S. Jain; S. Pandey; A. Pradhan; S. Tarwani,2024,10.1109/TENSYMP61132.2024.10752209,https://ieeexplore.ieee.org/stamp/stamp.jsp?arnumber=10752209
IEEE Xplore,Comparative Analysis Of Deep Learning for Robust Deepfake Detection,R. Kapoor; V. Mehndiratta; J. Singh,2024,10.1109/AECE62803.2024.10911049,https://ieeexplore.ieee.org/stamp/stamp.jsp?arnumber=10911049
IEEE Xplore,Detecting Digital Deception: A CNN-RNN hybrid Approach of Deepfake Detection,H. Singh; R. Kumar; M. Gupta; V. S. Babu Chilluri,2025,10.1109/ICPCT64145.2025.10940830,https://ieeexplore.ieee.org/stamp/stamp.jsp?arnumber=10940830
IEEE Xplore,Enhancing the Detection of Deepfake Audio Using Explainable AI Techniques for Secure and Trustworthy Applications,B. Naresh; R. Ch; K. S. Reddy; S. Srinivas; A. N. Sheikh; K. Raghavendar,2025,10.1109/ICAMIDA64673.2025.11209741,https://ieeexplore.ieee.org/stamp/stamp.jsp?arnumber=11209741
IEEE Xplore,Hierarchical ST-CEN with Dynamic Attention Mechanisms for Enhanced Deepfake Image Detection,P. GS; A. T,2023,10.1109/ICI3C60830.2023.00078,https://ieeexplore.ieee.org/stamp/stamp.jsp?arnumber=10729784
IEEE Xplore,Video Forensic Analysis Using Deep Learning Models,V. T. R.; A. Ajina; H. Dongare; S. Joshi; G. L. S. Varma; R. D. Rathod,2025,10.1109/ETCC65847.2025.11108521,https://ieeexplore.ieee.org/stamp/stamp.jsp?arnumber=11108521
IEEE Xplore,Enhancing Deepfake Detection Through Dynamics of Facial Expressions,V. K. Sharma; S. Rawat,2025,10.1109/ICICV64824.2025.11085942,https://ieeexplore.ieee.org/stamp/stamp.jsp?arnumber=11085942
IEEE Xplore,Artifacts-Disentangled Adversarial Learning for Deepfake Detection,X. Li; R. Ni; P. Yang; Z. Fu; Y. Zhao,2023,10.1109/TCSVT.2022.3217950,https://ieeexplore.ieee.org/stamp/stamp.jsp?arnumber=9931753
IEEE Xplore,DFFMD: A Deepfake Face Mask Dataset for Infectious Disease Era With Deepfake Detection Algorithms,N. M. Alnaim; Z. M. Almutairi; M. S. Alsuwat; H. H. Alalawi; A. Alshobaili; F. S. Alenezi,2023,10.1109/ACCESS.2023.3246661,https://ieeexplore.ieee.org/stamp/stamp.jsp?arnumber=10049065
IEEE Xplore,"Deepfake Video Detection Based on Spatial, Spectral, and Temporal Inconsistencies Using Multimodal Deep Learning",J. K. Lewis; I. E. Toubal; H. Chen; V. Sandesera; M. Lomnitz; Z. Hampel-Arias; C. Prasad; K. Palaniappan,2020,10.1109/AIPR50011.2020.9425167,https://ieeexplore.ieee.org/stamp/stamp.jsp?arnumber=9425167
IEEE Xplore,MSVT: Multiple Spatiotemporal Views Transformer for DeepFake Video Detection,Y. Yu; R. Ni; Y. Zhao; S. Yang; F. Xia; N. Jiang; G. Zhao,2023,10.1109/TCSVT.2023.3281448,https://ieeexplore.ieee.org/stamp/stamp.jsp?arnumber=10138555
IEEE Xplore,Deepfakes Detection Methods: A Literature Survey,M. Weerawardana; T. Fernando,2021,10.1109/ICIAfS52090.2021.9606067,https://ieeexplore.ieee.org/stamp/stamp.jsp?arnumber=9606067
IEEE Xplore,MCL: Multimodal Contrastive Learning for Deepfake Detection,X. Liu; Y. Yu; X. Li; Y. Zhao,2024,10.1109/TCSVT.2023.3312738,https://ieeexplore.ieee.org/stamp/stamp.jsp?arnumber=10243082
IEEE Xplore,Generalizable Deepfake Detection With Phase-Based Motion Analysis,E. Prashnani; M. Goebel; B. S. Manjunath,2025,10.1109/TIP.2024.3441821,https://ieeexplore.ieee.org/stamp/stamp.jsp?arnumber=10685029
IEEE Xplore,Deepfake Video Prediction Using Attention-Based CNN and Mel-Frequency Cepstral Coefficients,G. S; S. G. A; J. D; A. J,2024,10.1109/ICEEICT61591.2024.10718393,https://ieeexplore.ieee.org/stamp/stamp.jsp?arnumber=10718393
IEEE Xplore,WaterLo: Protect Images from Deepfakes Using Localized Semi-Fragile Watermark,N. Beuve; W. Hamidouche; O. Déforges,2023,10.1109/ICCVW60793.2023.00046,https://ieeexplore.ieee.org/stamp/stamp.jsp?arnumber=10350953
IEEE Xplore,Detection of Deepfake Environmental Audio,H. Ouajdi; O. Hadder; M. Tailleur; M. Lagrange; L. M. Heller,2024,10.23919/EUSIPCO63174.2024.10715076,https://ieeexplore.ieee.org/stamp/stamp.jsp?arnumber=10715076
IEEE Xplore,FairSSD: Understanding Bias in Synthetic Speech Detectors,A. K. Singh Yadav; K. Bhagtani; D. Salvi; P. Bestagini; E. J. Delp,2024,10.1109/CVPRW63382.2024.00445,https://ieeexplore.ieee.org/stamp/stamp.jsp?arnumber=10677928
IEEE Xplore,Detecting Manipulated Audio Using Adaboost Machine Learning Algorithm,B. V. Kumar; Y. Ayyappa; P. J. Sai; T. Varun; S. N. Babu; Y. U. S. S. Teja,2024,10.1109/InCACCT61598.2024.10550994,https://ieeexplore.ieee.org/stamp/stamp.jsp?arnumber=10550994
IEEE Xplore,Towards Quantifying and Reducing Language Mismatch Effects in Cross-Lingual Speech Anti-Spoofing,T. Liu; I. Kukanov; Z. Pan; Q. Wang; H. B. Sailor; K. A. Lee,2024,10.1109/SLT61566.2024.10832142,https://ieeexplore.ieee.org/stamp/stamp.jsp?arnumber=10832142
IEEE Xplore,Boosting Deep Feature Fusion-Based Detection Model for Fake Faces Generated by Generative Adversarial Networks for Consumer Space Environment,F. Alrowais; A. Abbas Hassan; W. Sulaiman Almukadi; M. H. Alanazi; R. Marzouk; A. Mahmud,2024,10.1109/ACCESS.2024.3470128,https://ieeexplore.ieee.org/stamp/stamp.jsp?arnumber=10699337
IEEE Xplore,Deepfake Detection: A Multi-Algorithmic and Multi-Modal Approach for Robust Detection and Analysis,S. Nailwal; S. Singhal; N. T. Singh; A. Raza,2023,10.1109/RMKMATE59243.2023.10369155,https://ieeexplore.ieee.org/stamp/stamp.jsp?arnumber=10369155
IEEE Xplore,ConTrans-Detect: A Multi-Scale Convolution-Transformer Network for DeepFake Video Detection,W. Sun; Y. Ma; H. Zhang; R. Wang,2023,10.1109/M2VIP58386.2023.10413387,https://ieeexplore.ieee.org/stamp/stamp.jsp?arnumber=10413387
IEEE Xplore,Learning to Listen and Listening to Learn: Spoofed Audio Detection Through Linguistic Data Augmentation,Z. Khanjani; L. Davis; A. Tuz; K. Nwosu; C. Mallinson; V. P. Janeja,2023,10.1109/ISI58743.2023.10297267,https://ieeexplore.ieee.org/stamp/stamp.jsp?arnumber=10297267
IEEE Xplore,Deepfake Detection From Face-swapped Videos Using Transfer Learning Approach,M. T. Hasan Fuad; F. Bin Amin; S. M. Masudul Ahsan,2023,10.1109/ICCIT60459.2023.10441067,https://ieeexplore.ieee.org/stamp/stamp.jsp?arnumber=10441067
IEEE Xplore,Enhancing Authenticity Verification with Transfer Learning and Ensemble Techniques in Facial Feature-Based Deepfake Detection,N. Qazi; I. Ahmed,2024,10.1109/ICPRS62101.2024.10677831,https://ieeexplore.ieee.org/stamp/stamp.jsp?arnumber=10677831
IEEE Xplore,Towards Analysis Detection of Deepfake Video via Deep Learning Models: A Review,S. Altamimi; W. Salameh,2024,10.1109/IJCC64742.2024.10847278,https://ieeexplore.ieee.org/stamp/stamp.jsp?arnumber=10847278
IEEE Xplore,"A Comprehensive Comparative Analysis of Deepfake Detection Techniques in Visual, Audio, and Audio-Visual Domains",A. A. Bekheet; A. Ghoneim; G. Khoriba,2024,10.1109/IMSA61967.2024.10652683,https://ieeexplore.ieee.org/stamp/stamp.jsp?arnumber=10652683
IEEE Xplore,Detection of Compressed DeepFake Video Drawbacks and Technical Developments,A. -S. Humidan; L. N. Abdullah; A. A. Halin,2022,10.1109/ICSPIS57063.2022.10002433,https://ieeexplore.ieee.org/stamp/stamp.jsp?arnumber=10002433
IEEE Xplore,"Multimodal Cognitive Learning for Media Forgery Detection: A Comprehensive Framework Combining Random Forest and Deep Ensemble Architectures (Xception, ResNeXt) across Image, Video, and Audio Modalities",A. Abirami; S. Bhuvaneswari; K. Krithika; I. Nithyasree; B. Prashithaa Abhirami,2023,10.1109/ICIMIA60377.2023.10426415,https://ieeexplore.ieee.org/stamp/stamp.jsp?arnumber=10426415
IEEE Xplore,BSM-DND: Bias and Sensitivity-Aware Multilingual Deepfake News Detection Using Bloom Filters and Recurrent Feature Elimination,M. Al-Naeem; M. M. Hafizur Rahman; A. Banerjee; A. Sufian,2025,10.1109/ACCESS.2025.3609831,https://ieeexplore.ieee.org/stamp/stamp.jsp?arnumber=11169321
IEEE Xplore,Identification of Deepfakes using Strategic Models and Architectures,S. R. Nallapati; D. Dommeti; S. Medhalavalasa; K. K. Bonku; P. V. V. S. Srinivas; D. Bhattacharyya,2023,10.1109/ICSCDS56580.2023.10104880,https://ieeexplore.ieee.org/stamp/stamp.jsp?arnumber=10104880
IEEE Xplore,Forensic Challenges in Face Manipulated Videos,N. Sharma; K. Mallampalli; R. S. Iyengar,2025,10.1109/MAPR67746.2025.11134019,https://ieeexplore.ieee.org/stamp/stamp.jsp?arnumber=11134019
IEEE Xplore,Detection of Deepfake Video using Deep Learning and MesoNet,L. Rebello; L. Tuscano; Y. Shah; A. Solomon; V. Shrivastava,2023,10.1109/ICCES57224.2023.10192854,https://ieeexplore.ieee.org/stamp/stamp.jsp?arnumber=10192854
IEEE Xplore,XWSB: A Blend System Utilizing XLS-R and Wavlm With SLS Classifier Detection System for SVDD 2024 Challenge,Q. Zhang; S. Wen; F. Yan; T. Hu; J. Li,2024,10.1109/SLT61566.2024.10832183,https://ieeexplore.ieee.org/stamp/stamp.jsp?arnumber=10832183
IEEE Xplore,Deepfake Detection Using AI And Machine Learning Algorithms,G. Chandel; A. Kumar; K. Malik; K. Gurani; K. Gahlawat; S. K. Saini,2025,10.1109/IC2E365635.2025.11167331,https://ieeexplore.ieee.org/stamp/stamp.jsp?arnumber=11167331
IEEE Xplore,Deciphering Deception-LSTM Combats Deepfake Audios,Y. Acharya; J. Tyagi; M. Jangid,2024,10.1109/ICTACS62700.2024.10841007,https://ieeexplore.ieee.org/stamp/stamp.jsp?arnumber=10841007
IEEE Xplore,Review of Deepfake Detection Techniques and Challenges,N. S. Ahmad Sharawardi; S. -H. Liew; P. Turumugon; A. Subramaniam,2025,10.1109/ICCBE65177.2025.11255645,https://ieeexplore.ieee.org/stamp/stamp.jsp?arnumber=11255645
IEEE Xplore,Advancements in Deepfake Detection: Leveraging Bi-LSTM-CNN Architecture for Robust Identification,O. Tantawy; A. Elshafee,2024,10.1109/NILES63360.2024.10753235,https://ieeexplore.ieee.org/stamp/stamp.jsp?arnumber=10753235
IEEE Xplore,Real-Time Deepfake Detection using a Hybrid MobileNet-LSTM Model For Image and Video Analysis,S. Ambika; Y. Harini; B. R. Sumanth,2025,10.1109/ICCMC65190.2025.11140856,https://ieeexplore.ieee.org/stamp/stamp.jsp?arnumber=11140856
IEEE Xplore,A Survey on Deepfake Video Detection Techniques Using Deep Learning,A. Das; K. S. A. Viji; L. Sebastian,2022,10.1109/ICNGIS54955.2022.10079802,https://ieeexplore.ieee.org/stamp/stamp.jsp?arnumber=10079802
IEEE Xplore,Deepfake Detection Based on LSTM Networks with Facial Geometric Features,D. Xiong; Z. Wen; C. Zhang; P. Xiao; M. Wu,2025,10.1109/EICCT65471.2025.11099876,https://ieeexplore.ieee.org/stamp/stamp.jsp?arnumber=11099876
IEEE Xplore,AWaveFormer: Audio Wavelet Transformer Network for Generalized Audio Deepfake Detection,R. Wang; Z. Chen; B. Wang; Z. Ba; K. Ren,2025,10.1109/TASLPRO.2025.3611229,https://ieeexplore.ieee.org/stamp/stamp.jsp?arnumber=11168216
IEEE Xplore,A Hybrid Xception-LSTM Model with Channel and Spatial Attention Mechanism for Deepfake Video Detection,D. Dagar; D. K. Vishwakarma,2023,10.1109/ICMNWC60182.2023.10435983,https://ieeexplore.ieee.org/stamp/stamp.jsp?arnumber=10435983
IEEE Xplore,Multi-Label Deepfake Classification,I. P. Singh; N. Mejri; V. D. Nguyen; E. Ghorbel; D. Aouada,2023,10.1109/MMSP59012.2023.10337658,https://ieeexplore.ieee.org/stamp/stamp.jsp?arnumber=10337658
IEEE Xplore,"Quantitative Dissection of Spatial, Temporal, and Frequency Features in Deepfake Detection",Y. Tiwari; D. Saxena; F. -R. Hsu; A. Yadav,2025,10.1109/IC2E365635.2025.11166815,https://ieeexplore.ieee.org/stamp/stamp.jsp?arnumber=11166815
IEEE Xplore,DIP: Diffusion Learning of Inconsistency Pattern for General DeepFake Detection,F. Nie; J. Ni; J. Zhang; B. Zhang; W. Zhang,2025,10.1109/TMM.2024.3521766,https://ieeexplore.ieee.org/stamp/stamp.jsp?arnumber=10814697
IEEE Xplore,Deepfake Detection Using Robust Spatial and Temporal Features from Facial Landmarks,M. Li; B. Liu; Y. Hu; L. Zhang; S. Wang,2021,10.1109/IWBF50991.2021.9465076,https://ieeexplore.ieee.org/stamp/stamp.jsp?arnumber=9465076
IEEE Xplore,Emergent Capability in Audio Deepfake Detection,Y. Deng; A. Laprevotte; R. Dunn; P. Khorrami; C. Dagli; P. Torres-Carrasquillo,2025,10.1109/IWBF63717.2025.11113428,https://ieeexplore.ieee.org/stamp/stamp.jsp?arnumber=11113428
IEEE Xplore,Masked Relation Learning for DeepFake Detection,Z. Yang; J. Liang; Y. Xu; X. -Y. Zhang; R. He,2023,10.1109/TIFS.2023.3249566,https://ieeexplore.ieee.org/stamp/stamp.jsp?arnumber=10054130
IEEE Xplore,Capsule Networks and LSTM Models for Robust Deepfake Detection in Audio and Video,A. M. B.; J. W. Kathrine; S. Kushmitha,2024,10.1109/ICICNIS64247.2024.10823109,https://ieeexplore.ieee.org/stamp/stamp.jsp?arnumber=10823109
IEEE Xplore,XLSR-Mamba: A Dual-Column Bidirectional State Space Model for Spoofing Attack Detection,Y. Xiao; R. K. Das,2025,10.1109/LSP.2025.3547861,https://ieeexplore.ieee.org/stamp/stamp.jsp?arnumber=10909468
IEEE Xplore,Deepfake detection based on Spatio-Temporal Fusion,T. Chen; J. Hu; S. Yang,2025,10.1109/ICIMCT.2025.00024,https://ieeexplore.ieee.org/stamp/stamp.jsp?arnumber=11185707
IEEE Xplore,ForgeryDetect: AI-driven Deep Fake Identification,A. Bharti; V. K. Sinha; J. S. P. Peter; P. E. B,2024,10.1109/ICRISST59181.2024.10922001,https://ieeexplore.ieee.org/stamp/stamp.jsp?arnumber=10922001
IEEE Xplore,Enhancing Deepfake Video Detection: A Hybrid CNN-LSTM Approach,D. Singh; P. Singh; R. Bhandari,2024,10.1109/TIACOMP64125.2024.00031,https://ieeexplore.ieee.org/stamp/stamp.jsp?arnumber=10742777
IEEE Xplore,Fighting Malicious Media Data: A Survey on Tampering Detection and Deepfake Detection,J. Wang; Z. Li; C. Zhang; J. Chen; Z. Wu; L. S. Davis; Y. -G. Jiang,2025,10.1109/JPROC.2025.3576367,https://ieeexplore.ieee.org/stamp/stamp.jsp?arnumber=11048678
IEEE Xplore,ExplaNET: A Descriptive Framework for Detecting Deepfakes With Interpretable Prototypes,F. Khalid; A. Javed; K. M. Malik; A. Irtaza,2024,10.1109/TBIOM.2024.3407650,https://ieeexplore.ieee.org/stamp/stamp.jsp?arnumber=10542403
IEEE Xplore,Deepfake Video Detection by Combining Convolutional Neural Network (CNN) and Recurrent Neural Network (RNN),Y. Al-Dhabi; S. Zhang,2021,10.1109/CSAIEE54046.2021.9543264,https://ieeexplore.ieee.org/stamp/stamp.jsp?arnumber=9543264
IEEE Xplore,Content-Invariant Spatio-Temporal Neural Framework for Forgery Detection in Image Sequences,V. Buzovsky; J. Prinosil; K. Riha; Z. Smekal,2025,10.1109/ICUMT67815.2025.11268794,https://ieeexplore.ieee.org/stamp/stamp.jsp?arnumber=11268794
IEEE Xplore,Research on Real-Time Deepfake Image Detection System Based on a Self-Supervised Learning Framework,Z. Guo; Z. Li; Y. Peng; X. Kong,2024,10.1109/IAECST64597.2024.11118130,https://ieeexplore.ieee.org/stamp/stamp.jsp?arnumber=11118130
IEEE Xplore,Model-Agnostic Method: Exposing Deepfake Using Pixel-Wise Spatial and Temporal Fingerprints,J. Yang; Y. Sun; M. Mao; L. Bai; S. Zhang; F. Wang,2023,10.1109/TBDATA.2023.3284272,https://ieeexplore.ieee.org/stamp/stamp.jsp?arnumber=10146470
IEEE Xplore,Enhancing Accuracy in Image Recognition for Deepfaked Images using Convolutional Networks Compared with LSTM Algorithm,C. A. S; S. R; S. Krishnan,2025,10.1109/ICIDCA66325.2025.11280513,https://ieeexplore.ieee.org/stamp/stamp.jsp?arnumber=11280513
IEEE Xplore,A Hybrid MobileNet-LSTM Model for Enhanced Detection of Deepfake Media in Real-Time Image and Video Analysis,N. Subhasri; M. Gangadhar; M. Divakar; N. E. Bhanu Chandra Goud; M. Ramaraju; K. Sreenivasulu,2025,10.1109/ICOECA66273.2025.00188,https://ieeexplore.ieee.org/stamp/stamp.jsp?arnumber=11113971
IEEE Xplore,ConvNext-PNet: An interpretable and explainable deep-learning model for deepfakes detection,H. Ilyas; A. Javed; K. M. Malik,2024,10.1109/IJCB62174.2024.10744484,https://ieeexplore.ieee.org/stamp/stamp.jsp?arnumber=10744484
IEEE Xplore,Advancements in Deepfake Detection: A Comprehensive Review of AI-Driven Approaches,D. L. R; B. B. Sujitha,2025,10.1109/ICMLAS64557.2025.10967658,https://ieeexplore.ieee.org/stamp/stamp.jsp?arnumber=10967658
IEEE Xplore,Unmasking the Reality: A Comprehensive Study of Deepfake Identification Techniques and Their Expanding Terrain,S. Sharma; D. M. Pathak; D. Jain; S. Srivastava; P. Vats; G. M. Upadhyay,2025,10.1109/CICTN64563.2025.10932620,https://ieeexplore.ieee.org/stamp/stamp.jsp?arnumber=10932620
IEEE Xplore,Spatio-Temporal Convolutional Neural Networks for Deepfake Detection: An Empirical Study,V. K. Sharma; R. Garg; Q. Caudron,2023,10.1109/ICI60088.2023.10420892,https://ieeexplore.ieee.org/stamp/stamp.jsp?arnumber=10420892
IEEE Xplore,Detecting Deepfakes using Temporal Consistency of Facial Expression Transitions,R. E. Chacko; G. Bajwa,2025,10.1109/PST65910.2025.11268852,https://ieeexplore.ieee.org/stamp/stamp.jsp?arnumber=11268852
IEEE Xplore,GASGM-GFT: Gaussian Attenuation Singing Graph Model and Graph Fourier Transform for Singing Voice Deepfake Detection,B. Wu; Q. Qian; L. Ran; H. Wang,2025,10.1109/IJCNN64981.2025.11228680,https://ieeexplore.ieee.org/stamp/stamp.jsp?arnumber=11228680
IEEE Xplore,Using Graph Neural Networks to Improve Generalization Capability of the Models for Deepfake Detection,H. She; Y. Hu; B. Liu; J. Li; C. -T. Li,2024,10.1109/TIFS.2024.3451356,https://ieeexplore.ieee.org/stamp/stamp.jsp?arnumber=10654318
IEEE Xplore,A Novel Multi-Scale Spectral-Guided Graph Attention Network for DeepFake Video Detection,M. Irfan; M. J. Lee; A. Neyaz; D. Nobayashi,2025,10.1109/ISDFS65363.2025.11011972,https://ieeexplore.ieee.org/stamp/stamp.jsp?arnumber=11011972
IEEE Xplore,GC-ConsFlow: Leveraging Optical Flow Residuals and Global Context for Robust Deepfake Detection,J. Chen; M. Hu; D. Zhang; J. Meng,2025,10.1109/ICME59968.2025.11209351,https://ieeexplore.ieee.org/stamp/stamp.jsp?arnumber=11209351
IEEE Xplore,Deepfake Detection Using Graph Representation with Multi-dimensional Features,J. Chen; W. Lin; J. Xu,2023,10.1109/SWC57546.2023.10449093,https://ieeexplore.ieee.org/stamp/stamp.jsp?arnumber=10449093
IEEE Xplore,A Dual-Network Architecture with Uncertainty-Aware Multimodal Fusion for Deepfake Detection,Y. Guo,2025,10.1109/ICCEA65460.2025.11103067,https://ieeexplore.ieee.org/stamp/stamp.jsp?arnumber=11103067
IEEE Xplore,WaveGuard: Robust Deepfake Detection and Source Tracing via Dual-Tree Complex Wavelet and Graph Neural Networks,Z. He; Z. Guo; L. Wang; G. Yang; Y. Diao; D. Ma,2025,10.1109/TCSVT.2025.3628951,https://ieeexplore.ieee.org/stamp/stamp.jsp?arnumber=11224900
IEEE Xplore,An Effective Approach for Deepfake Video Detection using Binarized Neural Network,P. K; A. Pandey; B. Rudra,2025,10.1109/IATMSI64286.2025.10984516,https://ieeexplore.ieee.org/stamp/stamp.jsp?arnumber=10984516
IEEE Xplore,Deepfake Detection with Spatio-Temporal Consistency and Attention,Y. Chen; N. Akhtar; N. A. H. Haldar; A. Mian,2022,10.1109/DICTA56598.2022.10034609,https://ieeexplore.ieee.org/stamp/stamp.jsp?arnumber=10034609
IEEE Xplore,Context-Preserving and Sparsity-Aware Temporal Graph Network for Unified Face Forgery Detection,K. D. K. Yadav; I. Kavati; A. S. Kurella; S. Jain; Y. Katare,2025,10.1109/TCE.2025.3633697,https://ieeexplore.ieee.org/stamp/stamp.jsp?arnumber=11250982
IEEE Xplore,Aggregated Distinguishable Feature Learning for Generalized Deepfake Detection,B. Yan; C. Xu; C. -T. Li,2025,10.1109/IJCNN64981.2025.11228889,https://ieeexplore.ieee.org/stamp/stamp.jsp?arnumber=11228889
IEEE Xplore,Reduced Spatial Dependency for More General Video-level Deepfake Detection,B. Chu; X. Xu; Y. Zhang; W. You; L. Zhou,2025,10.1109/ICASSP49660.2025.10888190,https://ieeexplore.ieee.org/stamp/stamp.jsp?arnumber=10888190
IEEE Xplore,Self-Supervised Graph Transformer for Deepfake Detection,A. Khormali; J. -S. Yuan,2024,10.1109/ACCESS.2024.3392512,https://ieeexplore.ieee.org/stamp/stamp.jsp?arnumber=10506700
IEEE Xplore,Deepfake Detection in the Era of AI: State-Of-the-art Methods and Open Challenges,D. Samad; K. C. Bandhu,2025,10.1109/ACROSET66531.2025.11281068,https://ieeexplore.ieee.org/stamp/stamp.jsp?arnumber=11281068
IEEE Xplore,Evaluating Models for Deepfake Detection: A Comparative Study,V. Krishna; P. S. Neha; V. P; H. Vidyasekaran,2024,10.1109/ICICNIS64247.2024.10823264,https://ieeexplore.ieee.org/stamp/stamp.jsp?arnumber=10823264
IEEE Xplore,GAN and ResNet based Combination Deep Learning Model for Recognizing Fake Faces,K. Gowsic; R. Hariprasath; M. Guruprasad; M. Kabirajan; J. K. Sojan,2025,10.1109/ICIMIA67127.2025.11200763,https://ieeexplore.ieee.org/stamp/stamp.jsp?arnumber=11200763
IEEE Xplore,PET: High-Frequency Temporal Self-Consistency Learning for Partially Deepfake Audio Localization,J. He; J. Yi; J. Tao; S. Zeng,2025,10.1109/ICASSP49660.2025.10889913,https://ieeexplore.ieee.org/stamp/stamp.jsp?arnumber=10889913
IEEE Xplore,EVDO: An Enhanced Framework for Deepfake Detection in Videos Through Optical Flow and Temporal-Spatial Analysis,M. M. Melouk; M. Shao; A. Basit; C. Abouzahir; R. Zhou; M. Shafique,2025,10.1109/ACCESS.2025.3614455,https://ieeexplore.ieee.org/stamp/stamp.jsp?arnumber=11179989
IEEE Xplore,Source Identification of DeepFake Videos in Social Media-like Networks using Centrality Measures,A. Kumar; B. Raja; A. Furtado; A. Vemireddy; P. B. Honnavalli; S. V.M.,2025,10.1109/ISDFS65363.2025.11012119,https://ieeexplore.ieee.org/stamp/stamp.jsp?arnumber=11012119
IEEE Xplore,Real-Time Ensemble-Based Deepfake Detection for Virtual Classrooms and Workspaces Using EfficientNet and Custom Attention-Enhanced CNN,T. S. S. Manideep; S. Saragadam; G. Karthik; S. Hemanth; S. Palaniswamy,2025,10.1109/ICICKE65317.2025.11136248,https://ieeexplore.ieee.org/stamp/stamp.jsp?arnumber=11136248
IEEE Xplore,An Integrated Framework for Video-Based Deepfake Forensic Analysis,B. M. Alsalami; R. Ikuesan,2025,10.1109/ISDFS65363.2025.11012010,https://ieeexplore.ieee.org/stamp/stamp.jsp?arnumber=11012010
IEEE Xplore,Dynamic and Static Features Extraction for Deepfake Detection,H. Teng; C. -Y. Lin,2024,10.1109/ICCE-Taiwan62264.2024.10674402,https://ieeexplore.ieee.org/stamp/stamp.jsp?arnumber=10674402
IEEE Xplore,"A Review of Deepfake Techniques: Architecture, Detection, and Datasets",P. Edwards; J. -C. Nebel; D. Greenhill; X. Liang,2024,10.1109/ACCESS.2024.3477257,https://ieeexplore.ieee.org/stamp/stamp.jsp?arnumber=10711187
IEEE Xplore,Enhancing DeepFake Detection through Deep Learning and Explainable AI,A. Wagh; R. Rane; L. Pinjarkar,2025,10.1109/AIMV66517.2025.11203343,https://ieeexplore.ieee.org/stamp/stamp.jsp?arnumber=11203343
IEEE Xplore,DeepFake Detection with Multi-View Fusion and Graph Convolutional Network,X. Xu; J. Chen; Y. Zhang; C. Li; A. K. Singh; Z. Lyu,2025,10.1109/TMM.2025.3618565,https://ieeexplore.ieee.org/stamp/stamp.jsp?arnumber=11194129
IEEE Xplore,AI Powered Multimodal Content Moderation for Online Safety in Social Media Platforms,C. Kumar V; C. Gowda; C. G; D. B; L. P. D. Yadav; Vidya,2025,10.1109/ICIRCA65293.2025.11089733,https://ieeexplore.ieee.org/stamp/stamp.jsp?arnumber=11089733
IEEE Xplore,DeepFake Face Detection using Machine Learning with LSTM,T. Vignesh; P. H. Tarun; R. Parthav; V. Bhargavi,2024,10.1109/ICCSP60870.2024.10544299,https://ieeexplore.ieee.org/stamp/stamp.jsp?arnumber=10544299
IEEE Xplore,DeepGuard: A Hybrid CNN-LSTM Framework for Robust Deepfake Video Detection with Spatiotemporal Analysis,M. A. Cyril; J. Prakash Sunkavalli; D. Prasanth,2025,10.1109/ICSCDS65426.2025.11166809,https://ieeexplore.ieee.org/stamp/stamp.jsp?arnumber=11166809
IEEE Xplore,Supervised Learning Techniques for Deepfake Detection: Integrating ResNet50 and LSTM,N. L. Mudegol; A. Urunkar,2025,10.1109/ICAET63349.2025.10932283,https://ieeexplore.ieee.org/stamp/stamp.jsp?arnumber=10932283
IEEE Xplore,Cascaded ResNet50-LSTM Architecture for Deepfake Video Identification,J. Rout; M. Mishra,2025,10.1109/ICEPE65965.2025.11139778,https://ieeexplore.ieee.org/stamp/stamp.jsp?arnumber=11139778
IEEE Xplore,EfficientNetB0 Ensemble Model for Unified Deepfakes Detection,S. A. Minhas; S. Mushtaq; A. Javed,2023,10.1109/ICOSST60641.2023.10414228,https://ieeexplore.ieee.org/stamp/stamp.jsp?arnumber=10414228
IEEE Xplore,Critical Information Only: a Content Privacy-Preserving Framework for Detecting Audio Deepfakes,X. Li; Y. Zheng; C. Yan; K. Li; C. Zeng; X. Ji; W. Xu,2025,10.1109/TDSC.2025.3624972,https://ieeexplore.ieee.org/stamp/stamp.jsp?arnumber=11216043
IEEE Xplore,Comparative Evaluation of Xception and DenseNet121 for Robust Deepfake Detection,K. Yesugade; R. Jadhav,2025,10.23919/INDIACom66777.2025.11115841,https://ieeexplore.ieee.org/stamp/stamp.jsp?arnumber=11115841
IEEE Xplore,Hiding Faces in Plain Sight: Defending DeepFakes by Disrupting Face Detection,D. Zhu; Y. Li; B. Wu; J. Zhou; Z. Wang; S. Lyu,2025,10.1109/TDSC.2025.3592230,https://ieeexplore.ieee.org/stamp/stamp.jsp?arnumber=11106399
IEEE Xplore,ADA-FInfer: Inferring Face Representations From Adaptive Select Frames for High-Visual-Quality Deepfake Detection,J. Hu; J. Liang; Z. Qin; X. Liao; W. Zhou; X. Lin,2025,10.1109/TDSC.2024.3523289,https://ieeexplore.ieee.org/stamp/stamp.jsp?arnumber=10818493
IEEE Xplore,Hybrid Deepfake Detection Utilizing MLP and LSTM,J. Mallet; N. Krueger; R. Dave; M. Vanamala,2023,10.1109/ICECCME57830.2023.10252552,https://ieeexplore.ieee.org/stamp/stamp.jsp?arnumber=10252552
IEEE Xplore,BMNet: Enhancing Deepfake Detection Through BiLSTM and Multi-Head Self-Attention Mechanism,D. Xiong; Z. Wen; C. Zhang; D. Ren; W. Li,2025,10.1109/ACCESS.2025.3533653,https://ieeexplore.ieee.org/stamp/stamp.jsp?arnumber=10852294
IEEE Xplore,A Detailed Exploration to Deepfake: A Cybersecurity Threat,G. Kasera; M. Solanki; H. Kaur; K. Shah,2025,10.1109/SCEECS64059.2025.10940812,https://ieeexplore.ieee.org/stamp/stamp.jsp?arnumber=10940812
IEEE Xplore,DeepFakeGuard: Real-Time Deepfake Video Detection Leveraging Celeb-DF Dataset and CNN-LSTM Framework,V. S R; P. K. M; A. S. V N G; S. G,2025,10.1109/ICOECA66273.2025.00133,https://ieeexplore.ieee.org/stamp/stamp.jsp?arnumber=11113856
IEEE Xplore,Improving Generalization in Facial Manipulation Detection Using Image Noise Residuals and Temporal Features,M. Atamna; I. Tkachenko; S. Miguet,2023,10.1109/ICIP49359.2023.10222043,https://ieeexplore.ieee.org/stamp/stamp.jsp?arnumber=10222043
IEEE Xplore,Beyond Accuracy: Explainable Multimodal Deepfake Detection Through Cross-Modal Feature Analysis and Dynamic Attention Weighting,T. Rahman; R. Chakma; T. Mahmud,2025,10.1109/QPAIN66474.2025.11171737,https://ieeexplore.ieee.org/stamp/stamp.jsp?arnumber=11171737
IEEE Xplore,It Wasn’t Me: Irregular Identity in Deepfake Videos,H. Liu; P. Bestagini; L. Huang; W. Zhou; S. Tubaro; W. Zhang; N. Yu,2023,10.1109/ICIP49359.2023.10222654,https://ieeexplore.ieee.org/stamp/stamp.jsp?arnumber=10222654
IEEE Xplore,No Matter Small or Big Lip Motion: DeepFake Detection with Regularized Feature Learning on Semantic Information,Z. Yang; L. -p. Chau; B. Wen,2023,10.1109/MIPR59079.2023.00034,https://ieeexplore.ieee.org/stamp/stamp.jsp?arnumber=10254427
IEEE Xplore,Advanced Temporal Analysis for Deepfake Detection using XceptionNet in Media Forensics,K. M; L. S; K. S; A. D. J,2025,10.1109/ICCMC65190.2025.11140668,https://ieeexplore.ieee.org/stamp/stamp.jsp?arnumber=11140668
IEEE Xplore,Short And Low Resolution Deepfake Video Detection Using CNN,A. Rahman; N. Siddique; M. J. Moon; T. Tasnim; M. Islam; M. Shahiduzzaman; S. Ahmed,2022,10.1109/R10-HTC54060.2022.9929719,https://ieeexplore.ieee.org/stamp/stamp.jsp?arnumber=9929719
IEEE Xplore,Hybrid Recurrent Deep Learning Model for DeepFake Video Detection,G. Jaiswal,2021,10.1109/UPCON52273.2021.9667632,https://ieeexplore.ieee.org/stamp/stamp.jsp?arnumber=9667632
IEEE Xplore,A Measurement Study on Gray Channel-based Deepfake Detection,S. B. Son; S. H. Park; Y. K. Lee,2021,10.1109/ICTC52510.2021.9621082,https://ieeexplore.ieee.org/stamp/stamp.jsp?arnumber=9621082
IEEE Xplore,Leveraging Deep Learning Methods for Detecting Deepfake Speeches,R. A. Samiha; M. T. Alom; R. Hossain; R. Islam; A. Sultana,2025,10.1109/ICMI65310.2025.11141035,https://ieeexplore.ieee.org/stamp/stamp.jsp?arnumber=11141035
IEEE Xplore,MVFNet: Multipurpose Video Forensics Network using Multiple Forms of Forensic Evidence,T. D. Nguyen; M. C. Stamm,2025,10.1109/WACV61041.2025.00221,https://ieeexplore.ieee.org/stamp/stamp.jsp?arnumber=10943483
IEEE Xplore,Towards Spatio-temporal Collaborative Learning: An End-to-End Deepfake Video Detection Framework,W. Guo; S. Du; H. Deng; Z. Yu; L. Feng,2023,10.1109/IJCNN54540.2023.10191479,https://ieeexplore.ieee.org/stamp/stamp.jsp?arnumber=10191479
IEEE Xplore,Enhancing Deepfake Detection with a Hybrid CNN-BiLSTM Approach,H. K. Verma; I. Kumar,2024,10.1109/ISCMI63661.2024.10851512,https://ieeexplore.ieee.org/stamp/stamp.jsp?arnumber=10851512
IEEE Xplore,Deepfakes Examiner: An End-to-End Deep Learning Model for Deepfakes Videos Detection,H. Ilyas; A. Irtaza; A. Javed; K. M. Malik,2022,10.1109/ICOSST57195.2022.10016871,https://ieeexplore.ieee.org/stamp/stamp.jsp?arnumber=10016871
IEEE Xplore,The Impact of Data Augmentation on Deepfake Detection: A Comparative Study of CNN and Transformer Models,N. H. Abdul Ameer; M. Al-Taee; A. S. T. Hussain; A. Hussian; H. Ali,2025,10.1109/ICMI65310.2025.11141228,https://ieeexplore.ieee.org/stamp/stamp.jsp?arnumber=11141228
IEEE Xplore,Advancing Generalization in Deepfake Detection: Supervised Contrastive Representation Learning With Dual Stream Spatio-Temporal Features,S. Son; W. Kim,2025,10.1109/ACCESS.2025.3598782,https://ieeexplore.ieee.org/stamp/stamp.jsp?arnumber=11124838
IEEE Xplore,"Deepfake Generation, Detection and Datasets: a Rapid-review",A. KoÇak; M. Alkan,2022,10.1109/ISCTURKEY56345.2022.9931802,https://ieeexplore.ieee.org/stamp/stamp.jsp?arnumber=9931802
IEEE Xplore,Development of AI/ML-based solution for detection of face-swap based deepfake videos and AI-generated videos,S. Jayanth Sai Chethan; J. Chand; K. Bhakta; M. J. K. Bhai; P. Piruthiviraj,2025,10.1109/InC465408.2025.11256330,https://ieeexplore.ieee.org/stamp/stamp.jsp?arnumber=11256330
IEEE Xplore,Investigating the Impact of Visual Attention Models in Face Forgery Detection,A. Yadav; D. K. Vishwakarma,2023,10.1109/ICAISC58445.2023.10199338,https://ieeexplore.ieee.org/stamp/stamp.jsp?arnumber=10199338
IEEE Xplore,Comparative Study: Deepfake Detection in Tamil Speech using Hybrid Convolutional Networks,M. F. M; B. M. G.,2025,10.1109/WiSPNET64060.2025.11005318,https://ieeexplore.ieee.org/stamp/stamp.jsp?arnumber=11005318
IEEE Xplore,Deepfake Video Detection: Analysis for Deep Learning models using Transfer Learning,S. Altamimi; W. Salameh,2024,10.1109/ACIT62805.2024.10877153,https://ieeexplore.ieee.org/stamp/stamp.jsp?arnumber=10877153
IEEE Xplore,Deep fake Image Detection Based on Deep Learning Using a Hybrid CNN-LSTM with Machine Learning Architectures as Classifier,O. A. H. H. Al-Dulaimi; S. Kurnaz,2024,10.1109/HORA61326.2024.10550728,https://ieeexplore.ieee.org/stamp/stamp.jsp?arnumber=10550728
IEEE Xplore,Incorporating Psychological and Behavioral Cues for Enhanced Deepfake Detection,P. Agrawal; A. Shaikh; K. Bajaj; J. Mahajan,2025,10.1109/OTCON65728.2025.11071123,https://ieeexplore.ieee.org/stamp/stamp.jsp?arnumber=11071123
IEEE Xplore,AVT$^{2}$-DWF: Improving Deepfake Detection With Audio-Visual Fusion and Dynamic Weighting Strategies,R. Wang; D. Ye; L. Tang; Y. Zhang; J. Deng,2024,10.1109/LSP.2024.3433596,https://ieeexplore.ieee.org/stamp/stamp.jsp?arnumber=10609529
IEEE Xplore,Investigating voiced and unvoiced regions of speech for audio deepfake detection,G. Sivaraman; H. Tak; E. Khoury,2025,10.1109/ICASSP49660.2025.10890861,https://ieeexplore.ieee.org/stamp/stamp.jsp?arnumber=10890861
IEEE Xplore,STC-CapsNet: Detecting Audio Deepfakes with Spatio-Temporal Convolutions and Capsule Networks,T. M. Wani; S. A. A. Qadri; I. Amerini,2025,10.1109/CISM64958.2025.11060861,https://ieeexplore.ieee.org/stamp/stamp.jsp?arnumber=11060861
IEEE Xplore,Video Normalization in Identifying Fake Videos Using a Long Short-Term Memory Model,K. Thakkar; D. Lo,2023,10.1109/SoutheastCon51012.2023.10115139,https://ieeexplore.ieee.org/stamp/stamp.jsp?arnumber=10115139
IEEE Xplore,AI-Powered Real-Time Misinformation Detection a Deep Learning Framework for Combating Fake News and Deepfakes,D. N. Rao; K. Mouneshwari; P. R. Kiran; Y. J. N. Kumar; A. Soy; T. Srihari,2025,10.1109/ICMCTC62214.2025.11196119,https://ieeexplore.ieee.org/stamp/stamp.jsp?arnumber=11196119
IEEE Xplore,Enhanced Deepfake Detection with LSTM and ResNeXt Integration,H. Singh; R. Kumar; M. Gupta; N. Y. Joshi,2025,10.1109/ICDT63985.2025.10986702,https://ieeexplore.ieee.org/stamp/stamp.jsp?arnumber=10986702
IEEE Xplore,Audio Deepfake Detection: End-to-End training with powerful pretrained ASR,K. H. Mansoor; M. Alam,2024,10.1109/INMIC64792.2024.11004412,https://ieeexplore.ieee.org/stamp/stamp.jsp?arnumber=11004412
IEEE Xplore,Flexible Multi-Modality Deepfake Identification with Dynamic Learning and Cross-Modality Inconsistency,E. J. J; K. K. P; M. S. M; R. J,2025,10.1109/ICAECA63854.2025.11012276,https://ieeexplore.ieee.org/stamp/stamp.jsp?arnumber=11012276
IEEE Xplore,Deep Learning Based Deepfake Video Detection System,A. K. Jha; A. K. Yadav; A. K. Dubey; A. Kumar; A. Sharma,2025,10.1109/ICDT63985.2025.10986738,https://ieeexplore.ieee.org/stamp/stamp.jsp?arnumber=10986738
IEEE Xplore,Review: DeepFake Detection Techniques using Deep Neural Networks (DNN),H. Chotaliya; M. A. Khatri; S. Kanojiya; M. Bivalkar,2023,10.1109/ICAST59062.2023.10454938,https://ieeexplore.ieee.org/stamp/stamp.jsp?arnumber=10454938
IEEE Xplore,A Deepfake detection technique using Recurrent Neural Network and EfficientNet,S. P. Koritala; M. Chimata; S. N. Polavarapu; B. S. Vangapandu; T. K. Gogineni; V. M. Manikandan,2024,10.1109/ICCCNT61001.2024.10723875,https://ieeexplore.ieee.org/stamp/stamp.jsp?arnumber=10723875
IEEE Xplore,Detecting Deepfake Videos using Face Recognition and Neural Networks,M. A. Murugan; T. Mathu; S. J. Priya,2024,10.1109/ICC-ROBINS60238.2024.10534025,https://ieeexplore.ieee.org/stamp/stamp.jsp?arnumber=10534025
IEEE Xplore,Enhancing Deepfake Detection Through Hybrid MobileNet-LSTM Model with Real-Time Image and Video Analysis,V. S. Anandhasivam; A. K. Anusri; M. Logeshwar; R. Gopinath,2024,10.1109/ICUIS64676.2024.10867159,https://ieeexplore.ieee.org/stamp/stamp.jsp?arnumber=10867159
IEEE Xplore,Deepfake Detection: Demodulate Synthetic Videos Using Deep Learning Models,P. Hirpara; H. Valangar; V. Kachhadiya; U. Chauhan,2025,10.23919/INDIACom66777.2025.11115707,https://ieeexplore.ieee.org/stamp/stamp.jsp?arnumber=11115707
IEEE Xplore,Deep Fake Detection using Adversarial Ensemble Techniques,B. V. Chowdary; M. Prabhakar; M. Akhil; K. Pavan; B. P. T. Reddy,2024,10.1109/ICISC62624.2024.00041,https://ieeexplore.ieee.org/stamp/stamp.jsp?arnumber=10677707
IEEE Xplore,Robust AI-Synthesized Speech Detection Using Feature Decomposition Learning and Synthesizer Feature Augmentation,K. Zhang; Z. Hua; Y. Zhang; Y. Guo; T. Xiang,2025,10.1109/TIFS.2024.3520001,https://ieeexplore.ieee.org/stamp/stamp.jsp?arnumber=10806877
IEEE Xplore,DAF-Net: A Data-Analytics-Driven Adaptive Framework for Deepfake Detection Using Hybrid Deep Learning Models,R. PushpaLakshmi,2025,10.1109/ACROSET66531.2025.11280662,https://ieeexplore.ieee.org/stamp/stamp.jsp?arnumber=11280662
IEEE Xplore,A Deepfake Detection Model Based on the Integration of ResNet50 and LSTM,X. Huang; Y. Zheng; X. Jiang,2025,10.1109/ICETCI64844.2025.11084255,https://ieeexplore.ieee.org/stamp/stamp.jsp?arnumber=11084255
IEEE Xplore,A Dual-Stream CNN-LSTM Framework with ELA Preprocessing for Deepfake Detection,N. N. Nadarajan; A. R. Trivedi; S. K; M. M; G. Kolagatla; S. Rana; N. M,2025,10.1109/SENNET64220.2025.11135952,https://ieeexplore.ieee.org/stamp/stamp.jsp?arnumber=11135952
IEEE Xplore,"Deepfake Audio Detection: a Multi Model, Multi Dataset Performance Study Using Deep Learning Architectures",A. Bhardwaj,2025,10.1109/ICICNCT66124.2025.11232782,https://ieeexplore.ieee.org/stamp/stamp.jsp?arnumber=11232782
IEEE Xplore,"DEFENDAI: Enhancing Deepfake Detection with Hybrid Architectures using EfficientNet, XceptionNet, Vision Transform and LSTM",M. Kavitha; R. Raushan; Priya; R. Kumar,2025,10.1109/ICSSAS66150.2025.11081343,https://ieeexplore.ieee.org/stamp/stamp.jsp?arnumber=11081343
IEEE Xplore,ResNeXt-50 and LSTM for Deepfake Detection,F. Kamil; E. M. Maharani; R. Rahmania,2025,10.1109/ICoAILO66760.2025.11156046,https://ieeexplore.ieee.org/stamp/stamp.jsp?arnumber=11156046
IEEE Xplore,Video Integrity Detection with Deep Learning,C. R; A. V. R; P. R,2024,10.1109/ICACCS60874.2024.10717096,https://ieeexplore.ieee.org/stamp/stamp.jsp?arnumber=10717096
IEEE Xplore,Frame-to-Utterance Convergence: A Spectra-Temporal Approach for Unified Spoofing Detection,A. Khan; K. M. Malik; S. Nawaz,2024,10.1109/ICASSP48485.2024.10447500,https://ieeexplore.ieee.org/stamp/stamp.jsp?arnumber=10447500
IEEE Xplore,Hybrid Deepfake Detection System: Leveraging AlexNet and LSTM Networks for Enhanced Video Authentication,A. B. Ghodake; D. B. Yewale; T. D. Katariya; B. S. Khobare; A. S. Shidore,2025,10.1109/ESIC64052.2025.10962665,https://ieeexplore.ieee.org/stamp/stamp.jsp?arnumber=10962665
IEEE Xplore,Eff-YNet: A Dual Task Network for DeepFake Detection and Segmentation,E. Tjon; M. Moh; T. -S. Moh,2021,10.1109/IMCOM51814.2021.9377373,https://ieeexplore.ieee.org/stamp/stamp.jsp?arnumber=9377373
ScienceDirect,"ISSN 1877-0509,",,2023,10.1016/j.procs.2023.12.099,https://doi.org/10.1016/j.procs.2023.12.099
ScienceDirect,"ISSN 2667-0968,",,2025,10.1016/j.jjimei.2025.100356,https://doi.org/10.1016/j.jjimei.2025.100356
ScienceDirect,"ISSN 0169-2607,",,2023,10.1016/j.cmpb.2023.107745,https://doi.org/10.1016/j.cmpb.2023.107745
ScienceDirect,"ISSN 0957-4174,",,2024,10.1016/j.eswa.2024.123756,https://doi.org/10.1016/j.eswa.2024.123756
ScienceDirect,"ISSN 2543-9251,",,2025,10.1016/j.dim.2025.100099,https://doi.org/10.1016/j.dim.2025.100099
ScienceDirect,"ISSN 1568-4946,",,2021,10.1016/j.asoc.2020.107050,https://doi.org/10.1016/j.asoc.2020.107050
ScienceDirect,"ISSN 2667-3053,",,2025,10.1016/j.iswa.2025.200529,https://doi.org/10.1016/j.iswa.2025.200529
ScienceDirect,"ISSN 2215-0161,",,2025,10.1016/j.mex.2025.103632,https://doi.org/10.1016/j.mex.2025.103632
ScienceDirect,"ISSN 1566-2535,",,2024,10.1016/j.inffus.2023.102103,https://doi.org/10.1016/j.inffus.2023.102103
ScienceDirect,"ISSN 1546-2218,",,2024,10.32604/cmc.2024.048238,https://doi.org/10.32604/cmc.2024.048238
ScienceDirect,"ISSN 1110-0168,",,2025,10.1016/j.aej.2025.01.012,https://doi.org/10.1016/j.aej.2025.01.012
ScienceDirect,"ISSN 2212-8271,",,2020,10.1016/j.procir.2020.04.109,https://doi.org/10.1016/j.procir.2020.04.109
ScienceDirect,"ISSN 0262-8856,",,2025,10.1016/j.imavis.2025.105738,https://doi.org/10.1016/j.imavis.2025.105738
ScienceDirect,"ISSN 2666-2256,",,2025,10.1016/j.fri.2025.200647,https://doi.org/10.1016/j.fri.2025.200647
ScienceDirect,"ISSN 0925-2312,",,2025,10.1016/j.neucom.2024.129116,https://doi.org/10.1016/j.neucom.2024.129116
ScienceDirect,"ISSN 0167-739X,",,2025,10.1016/j.future.2025.107877,https://doi.org/10.1016/j.future.2025.107877
ScienceDirect,"ISSN 1084-8045,",,2021,10.1016/j.jnca.2021.103112,https://doi.org/10.1016/j.jnca.2021.103112
ScienceDirect,"ISBN 9780443366864,",,2026,10.1016/B978-0-443-36686-4.00013-4,https://doi.org/10.1016/B978-0-443-36686-4.00013-4
ScienceDirect,"ISSN 0952-1976,",,2021,10.1016/j.engappai.2021.104456,https://doi.org/10.1016/j.engappai.2021.104456
ScienceDirect,"ISSN 0306-4573,",,2026,10.1016/j.ipm.2025.104473,https://doi.org/10.1016/j.ipm.2025.104473
ScienceDirect,"ISSN 1077-3142,",,2022,10.1016/j.cviu.2022.103525,https://doi.org/10.1016/j.cviu.2022.103525
ScienceDirect,"ISSN 2214-2126,",,2025,10.1016/j.jisa.2024.103935,https://doi.org/10.1016/j.jisa.2024.103935
ScienceDirect,"ISSN 2405-8440,",,2024,10.1016/j.heliyon.2024.e40699,https://doi.org/10.1016/j.heliyon.2024.e40699
ScienceDirect,"ISSN 0167-6393,",,2023,10.1016/j.specom.2023.03.003,https://doi.org/10.1016/j.specom.2023.03.003
ScienceDirect,"ISSN 2949-7191,",,2024,10.1016/j.nlp.2024.100059,https://doi.org/10.1016/j.nlp.2024.100059
ScienceDirect,"ISSN 2590-1230,",,2025,10.1016/j.rineng.2025.104752,https://doi.org/10.1016/j.rineng.2025.104752
ScienceDirect,"ISSN 2772-5030,",,2024,10.1016/j.teler.2024.100146,https://doi.org/10.1016/j.teler.2024.100146
ScienceDirect,"ISSN 1574-0137,",,2026,10.1016/j.cosrev.2025.100866,https://doi.org/10.1016/j.cosrev.2025.100866
ScienceDirect,"ISSN 0167-4048,",,2024,10.1016/j.cose.2023.103617,https://doi.org/10.1016/j.cose.2023.103617
ScienceDirect,"ISSN 1468-4527,",,2024,10.1108/OIR-06-2024-0388,https://doi.org/10.1108/OIR-06-2024-0388
ScienceDirect,"ISSN 1319-1578,",,2022,10.1016/j.jksuci.2021.07.010,https://doi.org/10.1016/j.jksuci.2021.07.010
Scopus,Dual-stream temporal-spatial forgery detection via phase-consistent edge features and 3D visual state-space modeling,"Chen, Z.; Wang, S.; Wang, Z.",2026,https://www.scopus.com/inward/record.uri?eid=2-s2.0-105015384367&partnerID=40&md5=2041ac6891834f5d8773a64c8ac9317d,https://www.scopus.com/inward/record.uri?eid=2-s2.0-105015384367&partnerID=40&md5=2041ac6891834f5d8773a64c8ac9317d
Scopus,Deep Fake Detection for Preventing Audio and Video Frauds Using Advanced Deep Learning Techniques,"Vaidya, A.O.; Dangore, M.; Borate, V.K.; Raut, N.; Mali, Y.K.; Chaudhari, A.",2024,https://www.scopus.com/inward/record.uri?eid=2-s2.0-85208283475&partnerID=40&md5=c6b295f59e6d76c28be156c4079d15cb,https://www.scopus.com/inward/record.uri?eid=2-s2.0-85208283475&partnerID=40&md5=c6b295f59e6d76c28be156c4079d15cb
Scopus,V3CViT: Deepfake Detection Based on Video Vision Transformer and 3D Convolution Network,"Li, R.; Yin, H.; Li, Y.; Li, H.",2024,https://www.scopus.com/inward/record.uri?eid=2-s2.0-85209570938&partnerID=40&md5=d3d6b7e5ea7915470d42cd7e0fb69fa4,https://www.scopus.com/inward/record.uri?eid=2-s2.0-85209570938&partnerID=40&md5=d3d6b7e5ea7915470d42cd7e0fb69fa4
Scopus,Detecting Deepfakes and Artificial Intelligence-Generated Art,"Rajeev, F.P.; Shetty, S.D.",2024,https://www.scopus.com/inward/record.uri?eid=2-s2.0-85219545405&partnerID=40&md5=7afde224d4bfc3d0106a503f8ca2d658,https://www.scopus.com/inward/record.uri?eid=2-s2.0-85219545405&partnerID=40&md5=7afde224d4bfc3d0106a503f8ca2d658
Scopus,An Investigation into the Utilisation of CNN with LSTM for Video Deepfake Detection,"Tipper, S.; Atlam, H.F.; Lallie, H.S.",2024,https://www.scopus.com/inward/record.uri?eid=2-s2.0-85208484692&partnerID=40&md5=3fe5e640b835c306a8b32900a43cb320,https://www.scopus.com/inward/record.uri?eid=2-s2.0-85208484692&partnerID=40&md5=3fe5e640b835c306a8b32900a43cb320
Scopus,SFormer: An end-to-end spatio-temporal transformer architecture for deepfake detection,"Kingra, S.; Aggarwal, N.; Kaur, N.",2024,https://www.scopus.com/inward/record.uri?eid=2-s2.0-85202157768&partnerID=40&md5=d569627607c1ddc9a4ccbcc20e813f63,https://www.scopus.com/inward/record.uri?eid=2-s2.0-85202157768&partnerID=40&md5=d569627607c1ddc9a4ccbcc20e813f63
Scopus,Spatiotemporal Fusion for Deepfakes Detection in Face Videos,"Wang, G.; Cai, M.; Sun, Z.; Hu, W.",2024,https://www.scopus.com/inward/record.uri?eid=2-s2.0-85215533400&partnerID=40&md5=45c15f138103b4205538808e44159573,https://www.scopus.com/inward/record.uri?eid=2-s2.0-85215533400&partnerID=40&md5=45c15f138103b4205538808e44159573
Scopus,Research and Performance Evaluation of Deepfake Video Detection Method Integrated Spatio temporal Attention Mechanism,"Wang, R.; Mariano, V.Y.",2024,https://www.scopus.com/inward/record.uri?eid=2-s2.0-85217360906&partnerID=40&md5=d167b4e9186c86771e36c0c416131993,https://www.scopus.com/inward/record.uri?eid=2-s2.0-85217360906&partnerID=40&md5=d167b4e9186c86771e36c0c416131993
Scopus,Deepfake Detection Method Based on Spatio-Temporal Information Fusion,"Wang, X.; Song, W.; Hao, C.; Liu, F.",2025,https://www.scopus.com/inward/record.uri?eid=2-s2.0-105003321518&partnerID=40&md5=73f1d21f2ea03ed858e54e5642096667,https://www.scopus.com/inward/record.uri?eid=2-s2.0-105003321518&partnerID=40&md5=73f1d21f2ea03ed858e54e5642096667
Scopus,WaveConViT: Wavelet-Based Convolutional Vision Transformer for Cross-Manipulation Deepfake Video Detection,"Atamna, M.; Tkachenko, I.; Miguet, S.",2025,https://www.scopus.com/inward/record.uri?eid=2-s2.0-105004252373&partnerID=40&md5=b1262851d3a0da2b388d4c177e9705d4,https://www.scopus.com/inward/record.uri?eid=2-s2.0-105004252373&partnerID=40&md5=b1262851d3a0da2b388d4c177e9705d4
Scopus,Fake news or real? Detecting deepfake videos using geometric facial structure and graph neural network,"Saif, S.; Tehseen, S.; Ali, S.S.",2024,https://www.scopus.com/inward/record.uri?eid=2-s2.0-85195171350&partnerID=40&md5=e7b132d9029fd6ad387c7ed6a02b087b,https://www.scopus.com/inward/record.uri?eid=2-s2.0-85195171350&partnerID=40&md5=e7b132d9029fd6ad387c7ed6a02b087b
Scopus,Masked Conditional Diffusion Model for Enhancing Deepfake Detection,"Chen, T.; Yang, S.; Hu, S.; Fang, Z.; Fu, Y.; Wu, X.; Wang, X.",2024,https://www.scopus.com/inward/record.uri?eid=2-s2.0-85188605005&partnerID=40&md5=fc750cb056a49708d96b4e544adbb36c,https://www.scopus.com/inward/record.uri?eid=2-s2.0-85188605005&partnerID=40&md5=fc750cb056a49708d96b4e544adbb36c
Scopus,Capturing the Persistence of Facial Expression Features for Deepfake Video Detection,"Zhao, Y.; Ge, W.; Li, W.; Wang, R.; Zhao, L.; Ming, J.",2020,https://www.scopus.com/inward/record.uri?eid=2-s2.0-85081173102&partnerID=40&md5=1f8c95fa77c0da45c34b2cb2547bf2ff,https://www.scopus.com/inward/record.uri?eid=2-s2.0-85081173102&partnerID=40&md5=1f8c95fa77c0da45c34b2cb2547bf2ff
Scopus,Deepfake Video Detection Model Based on Consistency of Spatial-Temporal Features; 基于时空特征一致性的Deepfake视频检测模型,"Zhao, L.; Ge, W.; Mao, Y.; Han, M.; Li, W.; Li, X.",2020,https://www.scopus.com/inward/record.uri?eid=2-s2.0-85088657032&partnerID=40&md5=8c0156d45d7ed5a1882211b167b01b1d,https://www.scopus.com/inward/record.uri?eid=2-s2.0-85088657032&partnerID=40&md5=8c0156d45d7ed5a1882211b167b01b1d
Scopus,Attention Guided Spatio-Temporal Artifacts Extraction for Deepfake Detection,"Wang, Z.; Li, X.; Ni, R.; Zhao, Y.",2021,https://www.scopus.com/inward/record.uri?eid=2-s2.0-85118942938&partnerID=40&md5=7fb41a1abc4766eb0e8e92911f9f41c0,https://www.scopus.com/inward/record.uri?eid=2-s2.0-85118942938&partnerID=40&md5=7fb41a1abc4766eb0e8e92911f9f41c0
Scopus,Exposing DeepFake Videos Using Attention Based Convolutional LSTM Network,"Su, Y.; Xia, H.; Liang, Q.; Nie, W.",2021,https://www.scopus.com/inward/record.uri?eid=2-s2.0-85114146226&partnerID=40&md5=4ed867b68b7307466f84115a1f21d6f3,https://www.scopus.com/inward/record.uri?eid=2-s2.0-85114146226&partnerID=40&md5=4ed867b68b7307466f84115a1f21d6f3
Scopus,Multi-model DeepFake Detection Using Deep and Temporal Features,"John, J.; Sherif, B.V.",2022,https://www.scopus.com/inward/record.uri?eid=2-s2.0-85135770471&partnerID=40&md5=7321f7bdcb13c6f8ed3b4703bb2a3475,https://www.scopus.com/inward/record.uri?eid=2-s2.0-85135770471&partnerID=40&md5=7321f7bdcb13c6f8ed3b4703bb2a3475
Scopus,Fake face detection in video using shallow deep learning architectures,"Nguyen, H.T.; Dao, T.C.; Phan, T.M.N.; Phan, T.T.",2022,https://www.scopus.com/inward/record.uri?eid=2-s2.0-85147539891&partnerID=40&md5=5c086fb8ad5e36b81cd3217cc01c1713,https://www.scopus.com/inward/record.uri?eid=2-s2.0-85147539891&partnerID=40&md5=5c086fb8ad5e36b81cd3217cc01c1713
Scopus,Detecting deepfake videos based on spatiotemporal attention and convolutional LSTM,"Chen, B.; Li, T.; Ding, W.",2022,https://www.scopus.com/inward/record.uri?eid=2-s2.0-85128119994&partnerID=40&md5=581010604140a13109c1122b7435cd0a,https://www.scopus.com/inward/record.uri?eid=2-s2.0-85128119994&partnerID=40&md5=581010604140a13109c1122b7435cd0a
Scopus,Deepfake detection using LSTM-based neural network,"Yesugade, T.; Kokate, S.; Patil, S.; Varma, R.; Pawar, S.",2022,https://www.scopus.com/inward/record.uri?eid=2-s2.0-85148481985&partnerID=40&md5=2992c5a3f0f106f4df65684d37398231,https://www.scopus.com/inward/record.uri?eid=2-s2.0-85148481985&partnerID=40&md5=2992c5a3f0f106f4df65684d37398231
Scopus,Deepfake Video Detection Based on Improved CapsNet and Temporal–Spatial Features,"Lu, T.; Bao, Y.; Li, L.",2023,https://www.scopus.com/inward/record.uri?eid=2-s2.0-85148000937&partnerID=40&md5=a969d8229bd49132b7ee0ac8e944c6fe,https://www.scopus.com/inward/record.uri?eid=2-s2.0-85148000937&partnerID=40&md5=a969d8229bd49132b7ee0ac8e944c6fe
Scopus,Deepfake detection for preventing Audio and Video frauds using Advanced Deep Learning Techniques,"Bharadwaj, R.; Ratnaparkhi, S.; Rajpurohit, R.; Rahate, K.; Pandita, R.; Thosar, S.",2023,https://www.scopus.com/inward/record.uri?eid=2-s2.0-85186082979&partnerID=40&md5=93523ccb77c3599820cd812e2ab56eef,https://www.scopus.com/inward/record.uri?eid=2-s2.0-85186082979&partnerID=40&md5=93523ccb77c3599820cd812e2ab56eef
Scopus,Dual-Modality Co-Learning for Unveiling Deepfake in Spatio-Temporal Space,"Guan, J.; Zhou, H.; Guo, Z.; Hu, T.; Deng, L.; Quan, C.; Fang, M.; Zhao, Y.",2023,https://www.scopus.com/inward/record.uri?eid=2-s2.0-85163697185&partnerID=40&md5=8cebfc10382ee49c66e589eb2c74fafd,https://www.scopus.com/inward/record.uri?eid=2-s2.0-85163697185&partnerID=40&md5=8cebfc10382ee49c66e589eb2c74fafd
Scopus,A facial geometry based detection model for face manipulation using CNN-LSTM architecture,"Liang, P.; Liu, G.; Xiong, Z.; Fan, H.; Zhu, H.; Zhang, X.",2023,https://www.scopus.com/inward/record.uri?eid=2-s2.0-85150044861&partnerID=40&md5=1ebee9494551bb9b3c516cfb837567f9,https://www.scopus.com/inward/record.uri?eid=2-s2.0-85150044861&partnerID=40&md5=1ebee9494551bb9b3c516cfb837567f9
Scopus,DFGNN: An interpretable and generalized graph neural network for deepfakes detection,"Khalid, F.; Javed, A.; Ain, Q.-U.; Ilyas, H.; Irtaza, A.",2023,https://www.scopus.com/inward/record.uri?eid=2-s2.0-85150031931&partnerID=40&md5=3edfb1f198f3f130968e2c5e40bd4c42,https://www.scopus.com/inward/record.uri?eid=2-s2.0-85150031931&partnerID=40&md5=3edfb1f198f3f130968e2c5e40bd4c42
Scopus,Video face forgery detection via facial motion-assisted capturing dense optical flow truncation,"Yang, G.; Xu, K.; Fang, X.; Zhang, J.",2023,https://www.scopus.com/inward/record.uri?eid=2-s2.0-85139500002&partnerID=40&md5=4e68234623468347addaa31a2254a450,https://www.scopus.com/inward/record.uri?eid=2-s2.0-85139500002&partnerID=40&md5=4e68234623468347addaa31a2254a450
Scopus,A Novel CNN-LSTM Approach for Robust Deepfake Detection,"Sagar, N.K.; Arukonda, S.",2025,https://www.scopus.com/inward/record.uri?eid=2-s2.0-105007157377&partnerID=40&md5=ddd8b78901a5058a5af5fbf4a5b91511,https://www.scopus.com/inward/record.uri?eid=2-s2.0-105007157377&partnerID=40&md5=ddd8b78901a5058a5af5fbf4a5b91511
Scopus,Hybrid Deep Learning for Detecting Fake Medical Images and Heart Sounds,"Soundarya, P.; Vijayalakshmi, R.; Dharshini, P.P.",2025,https://www.scopus.com/inward/record.uri?eid=2-s2.0-105007621674&partnerID=40&md5=5f5c40a5aa0ce64f83d8e0d9d2cae980,https://www.scopus.com/inward/record.uri?eid=2-s2.0-105007621674&partnerID=40&md5=5f5c40a5aa0ce64f83d8e0d9d2cae980
Scopus,Comparison of deepfake detection using CNN and hybrid models,"Winata, F.T.; Tanuwijaya, N.J.; Setiawan, R.; Rumagit, R.Y.",2025,https://www.scopus.com/inward/record.uri?eid=2-s2.0-105023988519&partnerID=40&md5=0c48f5b82665f60e63eec80e3d65cf2a,https://www.scopus.com/inward/record.uri?eid=2-s2.0-105023988519&partnerID=40&md5=0c48f5b82665f60e63eec80e3d65cf2a
Scopus,Comprehensive Exploration of Deepfake Detection Using Deep Learning,"Agrawal, P.; Jha, A.; Bhute, A.",2025,https://www.scopus.com/inward/record.uri?eid=2-s2.0-85208021779&partnerID=40&md5=f998b7a51f7e5f642415a4e889388342,https://www.scopus.com/inward/record.uri?eid=2-s2.0-85208021779&partnerID=40&md5=f998b7a51f7e5f642415a4e889388342
Scopus,Spatio-temporal knowledge distilled video vision transformer (STKD-VViT) for multimodal deepfake detection,"Usmani, S.; Kumar, S.; Sadhya, D.",2025,https://www.scopus.com/inward/record.uri?eid=2-s2.0-85214225264&partnerID=40&md5=7d077ea5dfba0abe84726b0ab1ed535c,https://www.scopus.com/inward/record.uri?eid=2-s2.0-85214225264&partnerID=40&md5=7d077ea5dfba0abe84726b0ab1ed535c
Scopus,3D-CADet: Leveraging 3D Channel Attention for Improving Deepfake Video Detection,"Niu, R.; Zhang, Y.",2025,https://www.scopus.com/inward/record.uri?eid=2-s2.0-105008489588&partnerID=40&md5=b4d3755624de977b6eeebe07f9c884f2,https://www.scopus.com/inward/record.uri?eid=2-s2.0-105008489588&partnerID=40&md5=b4d3755624de977b6eeebe07f9c884f2
Scopus,Refining digital security with EfficientNetV2-B2 deepfake detection techniques,"Vivekananda, G.N.; Mahesh, T.R.; Gupta, M.; Thakur, A.; Sayal, A.",2025,https://www.scopus.com/inward/record.uri?eid=2-s2.0-105005518686&partnerID=40&md5=24dd609f49b296fea4135504fae60257,https://www.scopus.com/inward/record.uri?eid=2-s2.0-105005518686&partnerID=40&md5=24dd609f49b296fea4135504fae60257
Scopus,The future of misinformation control: integrating advanced algorithms and Blockchain for effective Deepfake detection,"Xu, S.; Yang, X.; Xie, Z.",2025,https://www.scopus.com/inward/record.uri?eid=2-s2.0-105010557399&partnerID=40&md5=10fbcfdb86275fa1658e739ba242f6f8,https://www.scopus.com/inward/record.uri?eid=2-s2.0-105010557399&partnerID=40&md5=10fbcfdb86275fa1658e739ba242f6f8
Scopus,A Spatio-Temporal Deep Learning Approach for Efficient Deepfake Video Detection,"Khudhur, R.Z.; Mohammed, M.A.",2025,https://www.scopus.com/inward/record.uri?eid=2-s2.0-105014768493&partnerID=40&md5=ae4cd97a0dd94dd0274a85dd07694c87,https://www.scopus.com/inward/record.uri?eid=2-s2.0-105014768493&partnerID=40&md5=ae4cd97a0dd94dd0274a85dd07694c87
Scopus,Centroid-based Contrastive Consistency Learning for transferable deepfake detection,"Zha, R.; Lian, Z.; Li, Q.",2025,https://www.scopus.com/inward/record.uri?eid=2-s2.0-105001413488&partnerID=40&md5=f72b66751f969d1229e60a9c69bbae99,https://www.scopus.com/inward/record.uri?eid=2-s2.0-105001413488&partnerID=40&md5=f72b66751f969d1229e60a9c69bbae99
Scopus,Deepfake Detection Utilizing Enhanced Silicon-Based Physically Unclonable Functions Integrated with Photonic Crystal Fiber Sensor,"Babu, V.S.; Sathya, M.; Maheshwari, R.U.; Subha, K.J.",2025,https://www.scopus.com/inward/record.uri?eid=2-s2.0-105010591738&partnerID=40&md5=6d6839e3d34a1ddf89979ac92475145c,https://www.scopus.com/inward/record.uri?eid=2-s2.0-105010591738&partnerID=40&md5=6d6839e3d34a1ddf89979ac92475145c
Scopus,A Multimodal Deviation Perceiving Framework for Weakly-Supervised Temporal Forgery Localization,"Xu, W.; Wu, J.; Lu, W.; Luo, X.; Wang, Q.",2025,https://www.scopus.com/inward/record.uri?eid=2-s2.0-105024076843&partnerID=40&md5=38b7f20dc18f1273e71edabd0fc77f1d,https://www.scopus.com/inward/record.uri?eid=2-s2.0-105024076843&partnerID=40&md5=38b7f20dc18f1273e71edabd0fc77f1d
Scopus,HSFF-Net: Hierarchical spectral-feature fusion network for deepfake detection and localization,"Han, R.; Wang, X.; Bai, N.; Hou, J.; Zhang, W.; Li, J.",2025,https://www.scopus.com/inward/record.uri?eid=2-s2.0-105013114740&partnerID=40&md5=66d399fe80dc48060d8a44e3daa35710,https://www.scopus.com/inward/record.uri?eid=2-s2.0-105013114740&partnerID=40&md5=66d399fe80dc48060d8a44e3daa35710
Scopus,Leveraging temporal attention and bidirectional modeling for robust deepfake video detection,"Ben Jabra, M.; Cheikhrouhou, O.; BenAmor, A.",2025,https://www.scopus.com/inward/record.uri?eid=2-s2.0-105021244301&partnerID=40&md5=c9780b50f99ee54d84524e35d6c27c58,https://www.scopus.com/inward/record.uri?eid=2-s2.0-105021244301&partnerID=40&md5=c9780b50f99ee54d84524e35d6c27c58
Scopus,Multimodal Consistency-Driven Deepfake Detection,"Zhang, L.; Liu, B.; Chu, Q.; Yu, N.",2026,https://www.scopus.com/inward/record.uri?eid=2-s2.0-105022185336&partnerID=40&md5=cf82fedb6880b93b0cf94a189f1253e8,https://www.scopus.com/inward/record.uri?eid=2-s2.0-105022185336&partnerID=40&md5=cf82fedb6880b93b0cf94a189f1253e8
Scopus,MobilKAN-H: Cross-Dataset Deepfake Detection Using a Hybrid MobileNet-LSTM-HMM-KAN Architecture,"Nguyen, N.M.; Thuan, N.D.",2026,https://www.scopus.com/inward/record.uri?eid=2-s2.0-105023638416&partnerID=40&md5=6ebec32c52ff567c641b36fa8ca38ac1,https://www.scopus.com/inward/record.uri?eid=2-s2.0-105023638416&partnerID=40&md5=6ebec32c52ff567c641b36fa8ca38ac1
Scopus,Enhanced deepfake detection via dynamic data augmentation and spatiotemporal attention,"T.; Li, G.; Xiao, Y.; Tian, H.; Cao, Y.",2026,https://www.scopus.com/inward/record.uri?eid=2-s2.0-105024347588&partnerID=40&md5=dfbab16a02c2f9e55ed2f36bf6dc384b,https://www.scopus.com/inward/record.uri?eid=2-s2.0-105024347588&partnerID=40&md5=dfbab16a02c2f9e55ed2f36bf6dc384b
Scopus,3D data augmentation and dual-branch model for robust face forgery detection,"Zhou, C.; Li, F.W.B.; Song, C.; Zheng, D.; Yang, B.",2025,https://www.scopus.com/inward/record.uri?eid=2-s2.0-85216862698&partnerID=40&md5=067bae7db56f20def336a5b09deafefb,https://www.scopus.com/inward/record.uri?eid=2-s2.0-85216862698&partnerID=40&md5=067bae7db56f20def336a5b09deafefb
Scopus,Research on depth image tampering detection based on color space fusion,"Wen, C.; Zhao, H.; Cheng, W.",2025,https://www.scopus.com/inward/record.uri?eid=2-s2.0-105007656096&partnerID=40&md5=79518cf852d9f8dfcfb6bb7a761ffd78,https://www.scopus.com/inward/record.uri?eid=2-s2.0-105007656096&partnerID=40&md5=79518cf852d9f8dfcfb6bb7a761ffd78
Scopus,Enhanced Deepfake Detection Using Deep Learning on Large-Scale Video Data: A Fused ResNet50 and LSTM Approach,"Kumar, N.A.K.J.; Omkar Lakshmi Jagan, B.O.L.",2025,https://www.scopus.com/inward/record.uri?eid=2-s2.0-105010612239&partnerID=40&md5=08e8830074c17be1c96d0858d7b3d4ba,https://www.scopus.com/inward/record.uri?eid=2-s2.0-105010612239&partnerID=40&md5=08e8830074c17be1c96d0858d7b3d4ba
Scopus,Design and development of an efficient RLNet prediction model for deepfake video detection,"Bhandarkawthekar, V.; Navamani, T.M.; Sharma, R.; Shyamala, K.",2025,https://www.scopus.com/inward/record.uri?eid=2-s2.0-105011341559&partnerID=40&md5=098e7a288d8988a7ccfaa681982a7a03,https://www.scopus.com/inward/record.uri?eid=2-s2.0-105011341559&partnerID=40&md5=098e7a288d8988a7ccfaa681982a7a03
Scopus,A Deepfake Detection Model Based on Optical Flow Estimation,"Zou, B.; Tan, L.; Song, T.; Yin, H.; Jia, T.",2025,https://www.scopus.com/inward/record.uri?eid=2-s2.0-105013051396&partnerID=40&md5=8706d200858ab922e026072b31642b44,https://www.scopus.com/inward/record.uri?eid=2-s2.0-105013051396&partnerID=40&md5=8706d200858ab922e026072b31642b44
Scopus,A Deepfake Detection Method Based on Transformer Transformer Spatiotemporal Modeling,"Meng, C.; Guo, Y.",2025,https://www.scopus.com/inward/record.uri?eid=2-s2.0-105015591220&partnerID=40&md5=7ffadf4866e0e8739199c638d1b041bd,https://www.scopus.com/inward/record.uri?eid=2-s2.0-105015591220&partnerID=40&md5=7ffadf4866e0e8739199c638d1b041bd
IEEE Xplore,Deepfake Detection using a Two-Stream Capsule Network,Z. Joseph; C. Nyirenda,2021,,https://ieeexplore.ieee.org/stamp/stamp.jsp?arnumber=9577010
